YEAR,MONTH,PRODUCT,VALUE
2014,1,Hydro,3903.977
2014,1,Wind,5.648
2014,1,Solar,1.065
2014,1,Total combustible fuels,1792.024
2014,1,Coal,521.938
2014,1,Oil,139.219
2014,1,Natural gas,1031.146
2014,1,Combustible renewables,99.721
2014,1,Net electricity production,5702.714
2014,1,Total imports,0.021
2014,1,Total exports,146.888
2014,1,Electricity supplied,5555.847
2014,1,Distribution losses,536.164
2014,1,Final consumption,5019.684
2014,1,Electricity trade,146.867
2014,1,Renewables,4010.411
2014,1,Non-renewables,1692.303
2014,1,Others,139.219
2014,1,Other renewables aggregated,99.721
2014,1,Low carbon,4010.411
2014,1,Fossil fuels,1692.303
2014,2,Hydro,3598.26
2014,2,Wind,5.415
2014,2,Solar,0.831
2014,2,Total combustible fuels,1760.355
2014,2,Coal,413.943
2014,2,Oil,152.263
2014,2,Natural gas,1095.052
2014,2,Combustible renewables,99.097
2014,2,Net electricity production,5364.86
2014,2,Total imports,0.029
2014,2,Total exports,81.619
2014,2,Electricity supplied,5283.27
2014,2,Distribution losses,398.35
2014,2,Final consumption,4884.92
2014,2,Electricity trade,81.59
2014,2,Renewables,3703.603
2014,2,Non-renewables,1661.258
2014,2,Others,152.263
2014,2,Other renewables aggregated,99.097
2014,2,Low carbon,3703.603
2014,2,Fossil fuels,1661.258
2014,3,Hydro,4205.913
2014,3,Wind,6.189
2014,3,Solar,0.665
2014,3,Total combustible fuels,1619.748
2014,3,Coal,402.284
2014,3,Oil,141.402
2014,3,Natural gas,975.374
2014,3,Combustible renewables,100.687
2014,3,Net electricity production,5832.515
2014,3,Total imports,0.12
2014,3,Total exports,69.174
2014,3,Electricity supplied,5763.461
2014,3,Distribution losses,620.585
2014,3,Final consumption,5142.876
2014,3,Electricity trade,69.054
2014,3,Renewables,4313.454
2014,3,Non-renewables,1519.06
2014,3,Others,141.402
2014,3,Other renewables aggregated,100.687
2014,3,Low carbon,4313.454
2014,3,Fossil fuels,1519.06
2014,4,Hydro,3615.005
2014,4,Wind,6.694
2014,4,Solar,0.56
2014,4,Total combustible fuels,1930.638
2014,4,Coal,515.133
2014,4,Oil,158.736
2014,4,Natural gas,1157.945
2014,4,Combustible renewables,98.824
2014,4,Net electricity production,5552.898
2014,4,Total imports,0.187
2014,4,Total exports,43.774
2014,4,Electricity supplied,5509.311
2014,4,Distribution losses,470.892
2014,4,Final consumption,5038.419
2014,4,Electricity trade,43.587
2014,4,Renewables,3721.083
2014,4,Non-renewables,1831.814
2014,4,Others,158.736
2014,4,Other renewables aggregated,98.824
2014,4,Low carbon,3721.083
2014,4,Fossil fuels,1831.814
2014,5,Hydro,3632.958
2014,5,Wind,6.211
2014,5,Solar,0.67
2014,5,Total combustible fuels,2092.576
2014,5,Coal,547.723
2014,5,Oil,172.284
2014,5,Natural gas,1274.632
2014,5,Combustible renewables,97.937
2014,5,Net electricity production,5732.416
2014,5,Total imports,0.052
2014,5,Total exports,21.886
2014,5,Electricity supplied,5710.582
2014,5,Distribution losses,600.044
2014,5,Final consumption,5110.537
2014,5,Electricity trade,21.834
2014,5,Renewables,3737.776
2014,5,Non-renewables,1994.639
2014,5,Others,172.284
2014,5,Other renewables aggregated,97.937
2014,5,Low carbon,3737.776
2014,5,Fossil fuels,1994.639
2014,6,Hydro,3513.389
2014,6,Wind,8.085
2014,6,Solar,0.697
2014,6,Total combustible fuels,2021.928
2014,6,Coal,448.719
2014,6,Oil,152.801
2014,6,Natural gas,1309.421
2014,6,Combustible renewables,110.987
2014,6,Net electricity production,5544.099
2014,6,Total imports,8.175
2014,6,Total exports,22.132
2014,6,Electricity supplied,5530.142
2014,6,Distribution losses,419.762
2014,6,Final consumption,5110.381
2014,6,Electricity trade,13.957
2014,6,Renewables,3633.158
2014,6,Non-renewables,1910.941
2014,6,Others,152.801
2014,6,Other renewables aggregated,110.987
2014,6,Low carbon,3633.158
2014,6,Fossil fuels,1910.941
2014,7,Hydro,4105.318
2014,7,Wind,8.713
2014,7,Solar,0.75
2014,7,Total combustible fuels,1802.136
2014,7,Coal,393.836
2014,7,Oil,151.163
2014,7,Natural gas,1146.857
2014,7,Combustible renewables,110.281
2014,7,Net electricity production,5916.918
2014,7,Total imports,13.911
2014,7,Total exports,23.181
2014,7,Electricity supplied,5907.648
2014,7,Distribution losses,615.733
2014,7,Final consumption,5291.915
2014,7,Electricity trade,9.27
2014,7,Renewables,4225.062
2014,7,Non-renewables,1691.856
2014,7,Others,151.163
2014,7,Other renewables aggregated,110.281
2014,7,Low carbon,4225.062
2014,7,Fossil fuels,1691.856
2014,8,Hydro,4058.878
2014,8,Wind,5.438
2014,8,Solar,0.75
2014,8,Total combustible fuels,1755.579
2014,8,Coal,368.25
2014,8,Oil,146.552
2014,8,Natural gas,1130.38
2014,8,Combustible renewables,110.397
2014,8,Net electricity production,5820.646
2014,8,Total imports,20.77
2014,8,Total exports,16.482
2014,8,Electricity supplied,5824.934
2014,8,Distribution losses,428.081
2014,8,Final consumption,5396.853
2014,8,Electricity trade,-4.288
2014,8,Renewables,4175.463
2014,8,Non-renewables,1645.182
2014,8,Others,146.552
2014,8,Other renewables aggregated,110.397
2014,8,Low carbon,4175.463
2014,8,Fossil fuels,1645.182
2014,9,Hydro,4165.149
2014,9,Wind,4.5
2014,9,Solar,0.745
2014,9,Total combustible fuels,1690.116
2014,9,Coal,372.765
2014,9,Oil,166.453
2014,9,Natural gas,1043.316
2014,9,Combustible renewables,107.583
2014,9,Net electricity production,5860.51
2014,9,Total imports,0.053
2014,9,Total exports,84.675
2014,9,Electricity supplied,5775.888
2014,9,Distribution losses,431.423
2014,9,Final consumption,5344.465
2014,9,Electricity trade,84.622
2014,9,Renewables,4277.977
2014,9,Non-renewables,1582.534
2014,9,Others,166.453
2014,9,Other renewables aggregated,107.583
2014,9,Low carbon,4277.977
2014,9,Fossil fuels,1582.534
2014,10,Hydro,4072.668
2014,10,Wind,3.704
2014,10,Solar,0.688
2014,10,Total combustible fuels,1839.451
2014,10,Coal,405.291
2014,10,Oil,206.83
2014,10,Natural gas,1116.552
2014,10,Combustible renewables,110.778
2014,10,Net electricity production,5916.51
2014,10,Total imports,3.642
2014,10,Total exports,64.034
2014,10,Electricity supplied,5856.118
2014,10,Distribution losses,509.17
2014,10,Final consumption,5346.948
2014,10,Electricity trade,60.392
2014,10,Renewables,4187.838
2014,10,Non-renewables,1728.673
2014,10,Others,206.83
2014,10,Other renewables aggregated,110.778
2014,10,Low carbon,4187.838
2014,10,Fossil fuels,1728.673
2014,11,Hydro,4197.121
2014,11,Wind,3.711
2014,11,Solar,0.648
2014,11,Total combustible fuels,1633.897
2014,11,Coal,362.355
2014,11,Oil,169.834
2014,11,Natural gas,996.312
2014,11,Combustible renewables,105.396
2014,11,Net electricity production,5835.377
2014,11,Total imports,0.001
2014,11,Total exports,138.414
2014,11,Electricity supplied,5696.964
2014,11,Distribution losses,315.601
2014,11,Final consumption,5381.362
2014,11,Electricity trade,138.413
2014,11,Renewables,4306.876
2014,11,Non-renewables,1528.501
2014,11,Others,169.834
2014,11,Other renewables aggregated,105.396
2014,11,Low carbon,4306.876
2014,11,Fossil fuels,1528.501
2014,12,Hydro,4180.456
2014,12,Wind,5.174
2014,12,Solar,0.878
2014,12,Total combustible fuels,1761.327
2014,12,Coal,399.853
2014,12,Oil,160.654
2014,12,Natural gas,1088.414
2014,12,Combustible renewables,112.405
2014,12,Net electricity production,5947.836
2014,12,Total imports,0.039
2014,12,Total exports,136.741
2014,12,Electricity supplied,5811.134
2014,12,Distribution losses,504.195
2014,12,Final consumption,5306.939
2014,12,Electricity trade,136.702
2014,12,Renewables,4298.913
2014,12,Non-renewables,1648.921
2014,12,Others,160.654
2014,12,Other renewables aggregated,112.405
2014,12,Low carbon,4298.913
2014,12,Fossil fuels,1648.921
2015,1,Hydro,3931.459
2015,1,Wind,5.562
2015,1,Solar,1.065
2015,1,Total combustible fuels,2250.005
2015,1,Coal,554.069
2015,1,Oil,151.043
2015,1,Natural gas,1442.368
2015,1,Combustible renewables,102.525
2015,1,Net electricity production,6188.091
2015,1,Total imports,0.087
2015,1,Total exports,84.394
2015,1,Electricity supplied,6103.784
2015,1,Distribution losses,544.296
2015,1,Final consumption,5559.489
2015,1,Electricity trade,84.307
2015,1,Renewables,4040.611
2015,1,Non-renewables,2147.48
2015,1,Others,151.043
2015,1,Other renewables aggregated,102.525
2015,1,Low carbon,4040.611
2015,1,Fossil fuels,2147.48
2015,2,Hydro,4082.267
2015,2,Wind,4.848
2015,2,Solar,0.831
2015,2,Total combustible fuels,1848.152
2015,2,Coal,382.665
2015,2,Oil,152.007
2015,2,Natural gas,1210.677
2015,2,Combustible renewables,102.804
2015,2,Net electricity production,5936.098
2015,2,Total imports,0.032
2015,2,Total exports,54.484
2015,2,Electricity supplied,5881.646
2015,2,Distribution losses,461.107
2015,2,Final consumption,5420.538
2015,2,Electricity trade,54.452
2015,2,Renewables,4190.75
2015,2,Non-renewables,1745.349
2015,2,Others,152.007
2015,2,Other renewables aggregated,102.804
2015,2,Low carbon,4190.75
2015,2,Fossil fuels,1745.349
2015,3,Hydro,4317.805
2015,3,Wind,6.381
2015,3,Solar,0.665
2015,3,Total combustible fuels,2162.577
2015,3,Coal,577.082
2015,3,Oil,154.803
2015,3,Natural gas,1324.754
2015,3,Combustible renewables,105.937
2015,3,Net electricity production,6487.427
2015,3,Total imports,0.021
2015,3,Total exports,127.891
2015,3,Electricity supplied,6359.557
2015,3,Distribution losses,680.886
2015,3,Final consumption,5678.672
2015,3,Electricity trade,127.87
2015,3,Renewables,4430.788
2015,3,Non-renewables,2056.639
2015,3,Others,154.803
2015,3,Other renewables aggregated,105.937
2015,3,Low carbon,4430.788
2015,3,Fossil fuels,2056.639
2015,4,Hydro,4352.938
2015,4,Wind,6.174
2015,4,Solar,0.56
2015,4,Total combustible fuels,1819.111
2015,4,Coal,445.587
2015,4,Oil,149.943
2015,4,Natural gas,1116.761
2015,4,Combustible renewables,106.82
2015,4,Net electricity production,6178.783
2015,4,Total imports,0.038
2015,4,Total exports,46.71
2015,4,Electricity supplied,6132.111
2015,4,Distribution losses,570.094
2015,4,Final consumption,5562.018
2015,4,Electricity trade,46.672
2015,4,Renewables,4466.492
2015,4,Non-renewables,1712.291
2015,4,Others,149.943
2015,4,Other renewables aggregated,106.82
2015,4,Low carbon,4466.492
2015,4,Fossil fuels,1712.291
2015,5,Hydro,4206.67
2015,5,Wind,6.296
2015,5,Solar,0.67
2015,5,Total combustible fuels,2240.495
2015,5,Coal,536.501
2015,5,Oil,165.397
2015,5,Natural gas,1437.843
2015,5,Combustible renewables,100.754
2015,5,Net electricity production,6454.132
2015,5,Total imports,8.956
2015,5,Total exports,27.299
2015,5,Electricity supplied,6435.789
2015,5,Distribution losses,714.001
2015,5,Final consumption,5721.787
2015,5,Electricity trade,18.343
2015,5,Renewables,4314.39
2015,5,Non-renewables,2139.741
2015,5,Others,165.397
2015,5,Other renewables aggregated,100.754
2015,5,Low carbon,4314.39
2015,5,Fossil fuels,2139.741
2015,6,Hydro,4136.213
2015,6,Wind,7.014
2015,6,Solar,0.697
2015,6,Total combustible fuels,2091.438
2015,6,Coal,493.966
2015,6,Oil,206.062
2015,6,Natural gas,1283.199
2015,6,Combustible renewables,108.211
2015,6,Net electricity production,6235.363
2015,6,Total imports,6.461
2015,6,Total exports,12.399
2015,6,Electricity supplied,6229.425
2015,6,Distribution losses,442.943
2015,6,Final consumption,5786.481
2015,6,Electricity trade,5.938
2015,6,Renewables,4252.135
2015,6,Non-renewables,1983.227
2015,6,Others,206.062
2015,6,Other renewables aggregated,108.211
2015,6,Low carbon,4252.135
2015,6,Fossil fuels,1983.227
2015,7,Hydro,4401.239
2015,7,Wind,7.075
2015,7,Solar,0.75
2015,7,Total combustible fuels,2103.065
2015,7,Coal,493.686
2015,7,Oil,171.671
2015,7,Natural gas,1327.603
2015,7,Combustible renewables,110.106
2015,7,Net electricity production,6512.13
2015,7,Total imports,13.377
2015,7,Total exports,22.856
2015,7,Electricity supplied,6502.651
2015,7,Distribution losses,666.419
2015,7,Final consumption,5836.232
2015,7,Electricity trade,9.479
2015,7,Renewables,4519.17
2015,7,Non-renewables,1992.96
2015,7,Others,171.671
2015,7,Other renewables aggregated,110.106
2015,7,Low carbon,4519.17
2015,7,Fossil fuels,1992.96
2015,8,Hydro,4572.769
2015,8,Wind,5.856
2015,8,Solar,0.75
2015,8,Total combustible fuels,1999.905
2015,8,Coal,536.274
2015,8,Oil,155.678
2015,8,Natural gas,1200.526
2015,8,Combustible renewables,107.426
2015,8,Net electricity production,6579.28
2015,8,Total imports,4.949
2015,8,Total exports,38.855
2015,8,Electricity supplied,6545.374
2015,8,Distribution losses,650.255
2015,8,Final consumption,5895.12
2015,8,Electricity trade,33.906
2015,8,Renewables,4686.801
2015,8,Non-renewables,1892.478
2015,8,Others,155.678
2015,8,Other renewables aggregated,107.426
2015,8,Low carbon,4686.801
2015,8,Fossil fuels,1892.478
2015,9,Hydro,4027.145
2015,9,Wind,3.889
2015,9,Solar,0.745
2015,9,Total combustible fuels,2483.897
2015,9,Coal,566.541
2015,9,Oil,273.822
2015,9,Natural gas,1536.959
2015,9,Combustible renewables,106.575
2015,9,Net electricity production,6515.676
2015,9,Total imports,3.547
2015,9,Total exports,32.86
2015,9,Electricity supplied,6486.363
2015,9,Distribution losses,647.41
2015,9,Final consumption,5838.953
2015,9,Electricity trade,29.313
2015,9,Renewables,4138.354
2015,9,Non-renewables,2377.322
2015,9,Others,273.822
2015,9,Other renewables aggregated,106.575
2015,9,Low carbon,4138.354
2015,9,Fossil fuels,2377.322
2015,10,Hydro,3383.799
2015,10,Wind,3.605
2015,10,Solar,0.688
2015,10,Total combustible fuels,3083.931
2015,10,Coal,696.799
2015,10,Oil,591.24
2015,10,Natural gas,1680.035
2015,10,Combustible renewables,115.856
2015,10,Net electricity production,6472.023
2015,10,Total imports,2.625
2015,10,Total exports,1.699
2015,10,Electricity supplied,6472.949
2015,10,Distribution losses,610.549
2015,10,Final consumption,5862.4
2015,10,Electricity trade,-0.926
2015,10,Renewables,3503.948
2015,10,Non-renewables,2968.074
2015,10,Others,591.24
2015,10,Other renewables aggregated,115.856
2015,10,Low carbon,3503.948
2015,10,Fossil fuels,2968.074
2015,11,Hydro,3246.676
2015,11,Wind,4.217
2015,11,Solar,0.648
2015,11,Total combustible fuels,2905.642
2015,11,Coal,613.187
2015,11,Oil,621.377
2015,11,Natural gas,1565.547
2015,11,Combustible renewables,105.531
2015,11,Net electricity production,6157.182
2015,11,Total imports,0.838
2015,11,Total exports,3.933
2015,11,Electricity supplied,6154.087
2015,11,Distribution losses,475.949
2015,11,Final consumption,5678.138
2015,11,Electricity trade,3.095
2015,11,Renewables,3357.072
2015,11,Non-renewables,2800.111
2015,11,Others,621.377
2015,11,Other renewables aggregated,105.531
2015,11,Low carbon,3357.072
2015,11,Fossil fuels,2800.111
2015,12,Hydro,3279.061
2015,12,Wind,6.58
2015,12,Solar,0.878
2015,12,Total combustible fuels,3119.292
2015,12,Coal,757.253
2015,12,Oil,524.377
2015,12,Natural gas,1723.593
2015,12,Combustible renewables,114.069
2015,12,Net electricity production,6405.811
2015,12,Total imports,4.069
2015,12,Total exports,6.62
2015,12,Electricity supplied,6403.26
2015,12,Distribution losses,654.092
2015,12,Final consumption,5749.167
2015,12,Electricity trade,2.551
2015,12,Renewables,3400.588
2015,12,Non-renewables,3005.223
2015,12,Others,524.377
2015,12,Other renewables aggregated,114.069
2015,12,Low carbon,3400.588
2015,12,Fossil fuels,3005.223
2016,1,Hydro,2913.965
2016,1,Wind,4.899
2016,1,Solar,1.065
2016,1,Total combustible fuels,3272.373
2016,1,Coal,732.186
2016,1,Oil,520.481
2016,1,Natural gas,1903.902
2016,1,Combustible renewables,115.804
2016,1,Net electricity production,6192.302
2016,1,Total imports,0.072
2016,1,Total exports,11.043
2016,1,Electricity supplied,6181.331
2016,1,Distribution losses,586.074
2016,1,Final consumption,5595.257
2016,1,Electricity trade,10.971
2016,1,Renewables,3035.733
2016,1,Non-renewables,3156.569
2016,1,Others,520.481
2016,1,Other renewables aggregated,115.804
2016,1,Low carbon,3035.733
2016,1,Fossil fuels,3156.569
2016,2,Hydro,2937.529
2016,2,Wind,5.978
2016,2,Solar,0.831
2016,2,Total combustible fuels,3131.077
2016,2,Coal,660.377
2016,2,Oil,709.804
2016,2,Natural gas,1640.094
2016,2,Combustible renewables,120.802
2016,2,Net electricity production,6075.415
2016,2,Total imports,13.429
2016,2,Total exports,18.981
2016,2,Electricity supplied,6069.863
2016,2,Distribution losses,590.857
2016,2,Final consumption,5479.006
2016,2,Electricity trade,5.552
2016,2,Renewables,3065.14
2016,2,Non-renewables,3010.275
2016,2,Others,709.804
2016,2,Other renewables aggregated,120.802
2016,2,Low carbon,3065.14
2016,2,Fossil fuels,3010.275
2016,3,Hydro,2592.859
2016,3,Wind,5.579
2016,3,Solar,0.665
2016,3,Total combustible fuels,3400.743
2016,3,Coal,755.762
2016,3,Oil,801.001
2016,3,Natural gas,1717.924
2016,3,Combustible renewables,126.056
2016,3,Net electricity production,5999.846
2016,3,Total imports,142.212
2016,3,Total exports,0.161
2016,3,Electricity supplied,6141.897
2016,3,Distribution losses,597.568
2016,3,Final consumption,5544.329
2016,3,Electricity trade,-142.051
2016,3,Renewables,2725.159
2016,3,Non-renewables,3274.687
2016,3,Others,801.001
2016,3,Other renewables aggregated,126.056
2016,3,Low carbon,2725.159
2016,3,Fossil fuels,3274.687
2016,4,Hydro,3430.949
2016,4,Wind,4.103
2016,4,Solar,0.56
2016,4,Total combustible fuels,2552.592
2016,4,Coal,606.024
2016,4,Oil,431.193
2016,4,Natural gas,1390.962
2016,4,Combustible renewables,124.413
2016,4,Net electricity production,5988.204
2016,4,Total imports,66.492
2016,4,Total exports,1.206
2016,4,Electricity supplied,6053.49
2016,4,Distribution losses,517.212
2016,4,Final consumption,5536.278
2016,4,Electricity trade,-65.286
2016,4,Renewables,3560.025
2016,4,Non-renewables,2428.179
2016,4,Others,431.193
2016,4,Other renewables aggregated,124.413
2016,4,Low carbon,3560.025
2016,4,Fossil fuels,2428.179
2016,5,Hydro,4456.328
2016,5,Wind,4.032
2016,5,Solar,0.67
2016,5,Total combustible fuels,1771.985
2016,5,Coal,370.827
2016,5,Oil,168.265
2016,5,Natural gas,1133.33
2016,5,Combustible renewables,99.563
2016,5,Net electricity production,6233.015
2016,5,Total imports,63.687
2016,5,Total exports,0.91
2016,5,Electricity supplied,6295.792
2016,5,Distribution losses,637.389
2016,5,Final consumption,5658.403
2016,5,Electricity trade,-62.777
2016,5,Renewables,4560.593
2016,5,Non-renewables,1672.422
2016,5,Others,168.265
2016,5,Other renewables aggregated,99.563
2016,5,Low carbon,4560.593
2016,5,Fossil fuels,1672.422
2016,6,Hydro,4255.49
2016,6,Wind,5.915
2016,6,Solar,0.697
2016,6,Total combustible fuels,1835.016
2016,6,Coal,413.337
2016,6,Oil,171.988
2016,6,Natural gas,1147.522
2016,6,Combustible renewables,102.169
2016,6,Net electricity production,6097.118
2016,6,Total imports,40.357
2016,6,Total exports,0.383
2016,6,Electricity supplied,6137.092
2016,6,Distribution losses,508.33
2016,6,Final consumption,5628.762
2016,6,Electricity trade,-39.974
2016,6,Renewables,4364.271
2016,6,Non-renewables,1732.847
2016,6,Others,171.988
2016,6,Other renewables aggregated,102.169
2016,6,Low carbon,4364.271
2016,6,Fossil fuels,1732.847
2016,7,Hydro,4579.753
2016,7,Wind,7.022
2016,7,Solar,0.75
2016,7,Total combustible fuels,1644.77
2016,7,Coal,419.365
2016,7,Oil,167.389
2016,7,Natural gas,949.527
2016,7,Combustible renewables,108.489
2016,7,Net electricity production,6232.295
2016,7,Total imports,15.983
2016,7,Total exports,0.186
2016,7,Electricity supplied,6248.092
2016,7,Distribution losses,598.261
2016,7,Final consumption,5649.831
2016,7,Electricity trade,-15.797
2016,7,Renewables,4696.014
2016,7,Non-renewables,1536.281
2016,7,Others,167.389
2016,7,Other renewables aggregated,108.489
2016,7,Low carbon,4696.014
2016,7,Fossil fuels,1536.281
2016,8,Hydro,4708.546
2016,8,Wind,5.683
2016,8,Solar,0.75
2016,8,Total combustible fuels,1778.515
2016,8,Coal,463.501
2016,8,Oil,168.976
2016,8,Natural gas,1025.366
2016,8,Combustible renewables,120.672
2016,8,Net electricity production,6493.494
2016,8,Total imports,23.645
2016,8,Total exports,3.303
2016,8,Electricity supplied,6513.836
2016,8,Distribution losses,749.289
2016,8,Final consumption,5764.547
2016,8,Electricity trade,-20.342
2016,8,Renewables,4835.651
2016,8,Non-renewables,1657.843
2016,8,Others,168.976
2016,8,Other renewables aggregated,120.672
2016,8,Low carbon,4835.651
2016,8,Fossil fuels,1657.843
2016,9,Hydro,4654.819
2016,9,Wind,3.333
2016,9,Solar,0.745
2016,9,Total combustible fuels,1643.562
2016,9,Coal,287.448
2016,9,Oil,165.204
2016,9,Natural gas,1073.401
2016,9,Combustible renewables,117.509
2016,9,Net electricity production,6302.459
2016,9,Total imports,6.3
2016,9,Total exports,5.728
2016,9,Electricity supplied,6303.031
2016,9,Distribution losses,516.778
2016,9,Final consumption,5786.253
2016,9,Electricity trade,-0.572
2016,9,Renewables,4776.406
2016,9,Non-renewables,1526.053
2016,9,Others,165.204
2016,9,Other renewables aggregated,117.509
2016,9,Low carbon,4776.406
2016,9,Fossil fuels,1526.053
2016,10,Hydro,4458.058
2016,10,Wind,1.444
2016,10,Solar,0.688
2016,10,Total combustible fuels,1865.155
2016,10,Coal,508.56
2016,10,Oil,175.131
2016,10,Natural gas,1060.533
2016,10,Combustible renewables,120.931
2016,10,Net electricity production,6325.345
2016,10,Total imports,2.555
2016,10,Total exports,2.081
2016,10,Electricity supplied,6325.819
2016,10,Distribution losses,584.065
2016,10,Final consumption,5741.754
2016,10,Electricity trade,-0.474
2016,10,Renewables,4581.121
2016,10,Non-renewables,1744.224
2016,10,Others,175.131
2016,10,Other renewables aggregated,120.931
2016,10,Low carbon,4581.121
2016,10,Fossil fuels,1744.224
2016,11,Hydro,4593.596
2016,11,Wind,1.075
2016,11,Solar,0.648
2016,11,Total combustible fuels,1595.315
2016,11,Coal,343.193
2016,11,Oil,187.052
2016,11,Natural gas,957.416
2016,11,Combustible renewables,107.654
2016,11,Net electricity production,6190.634
2016,11,Total imports,2.337
2016,11,Total exports,0.864
2016,11,Electricity supplied,6192.107
2016,11,Distribution losses,540.528
2016,11,Final consumption,5651.579
2016,11,Electricity trade,-1.473
2016,11,Renewables,4702.973
2016,11,Non-renewables,1487.661
2016,11,Others,187.052
2016,11,Other renewables aggregated,107.654
2016,11,Low carbon,4702.973
2016,11,Fossil fuels,1487.661
2016,12,Hydro,4877.303
2016,12,Wind,1.559
2016,12,Solar,0.878
2016,12,Total combustible fuels,1451.403
2016,12,Coal,267.193
2016,12,Oil,158.637
2016,12,Natural gas,917.621
2016,12,Combustible renewables,107.952
2016,12,Net electricity production,6331.143
2016,12,Total imports,0.931
2016,12,Total exports,0.153
2016,12,Electricity supplied,6331.921
2016,12,Distribution losses,573.65
2016,12,Final consumption,5758.271
2016,12,Electricity trade,-0.778
2016,12,Renewables,4987.692
2016,12,Non-renewables,1343.451
2016,12,Others,158.637
2016,12,Other renewables aggregated,107.952
2016,12,Low carbon,4987.692
2016,12,Fossil fuels,1343.451
2017,1,Hydro,4968.19
2017,1,Solar,1.696
2017,1,Total combustible fuels,1347.828
2017,1,Coal,238.004
2017,1,Oil,170.582
2017,1,Natural gas,823.179
2017,1,Combustible renewables,116.063
2017,1,Net electricity production,6317.714
2017,1,Total imports,0.254
2017,1,Total exports,0.017
2017,1,Electricity supplied,6317.951
2017,1,Distribution losses,442.095
2017,1,Final consumption,5875.856
2017,1,Electricity trade,-0.237
2017,1,Renewables,5085.949
2017,1,Non-renewables,1231.765
2017,1,Others,170.582
2017,1,Other renewables aggregated,116.063
2017,1,Low carbon,5085.949
2017,1,Fossil fuels,1231.765
2017,2,Hydro,4443.333
2017,2,Solar,1.323
2017,2,Total combustible fuels,1583.919
2017,2,Coal,388.654
2017,2,Oil,174.644
2017,2,Natural gas,906.204
2017,2,Combustible renewables,114.417
2017,2,Net electricity production,6028.575
2017,2,Total imports,0.525
2017,2,Total exports,0.057
2017,2,Electricity supplied,6029.043
2017,2,Distribution losses,398.645
2017,2,Final consumption,5630.398
2017,2,Electricity trade,-0.468
2017,2,Renewables,4559.073
2017,2,Non-renewables,1469.502
2017,2,Others,174.644
2017,2,Other renewables aggregated,114.417
2017,2,Low carbon,4559.073
2017,2,Fossil fuels,1469.502
2017,3,Hydro,4844.229
2017,3,Solar,1.059
2017,3,Total combustible fuels,1538.982
2017,3,Coal,330.775
2017,3,Oil,179.389
2017,3,Natural gas,912.553
2017,3,Combustible renewables,116.265
2017,3,Net electricity production,6384.27
2017,3,Total imports,33.172
2017,3,Total exports,0.029
2017,3,Electricity supplied,6417.413
2017,3,Distribution losses,519.471
2017,3,Final consumption,5897.942
2017,3,Electricity trade,-33.143
2017,3,Renewables,4961.553
2017,3,Non-renewables,1422.717
2017,3,Others,179.389
2017,3,Other renewables aggregated,116.265
2017,3,Low carbon,4961.553
2017,3,Fossil fuels,1422.717
2017,4,Hydro,4962.182
2017,4,Wind,0.442
2017,4,Solar,0.892
2017,4,Total combustible fuels,1335.705
2017,4,Coal,172.233
2017,4,Oil,169.756
2017,4,Natural gas,883.585
2017,4,Combustible renewables,110.131
2017,4,Net electricity production,6299.221
2017,4,Total imports,21.026
2017,4,Total exports,0.118
2017,4,Electricity supplied,6320.129
2017,4,Distribution losses,415.013
2017,4,Final consumption,5905.116
2017,4,Electricity trade,-20.908
2017,4,Renewables,5073.647
2017,4,Non-renewables,1225.574
2017,4,Others,169.756
2017,4,Other renewables aggregated,110.131
2017,4,Low carbon,5073.647
2017,4,Fossil fuels,1225.574
2017,5,Hydro,5333.332
2017,5,Wind,0.657
2017,5,Solar,1.067
2017,5,Total combustible fuels,1245.414
2017,5,Coal,149.243
2017,5,Oil,175.382
2017,5,Natural gas,831.293
2017,5,Combustible renewables,89.496
2017,5,Net electricity production,6580.47
2017,5,Total imports,4.469
2017,5,Total exports,0.055
2017,5,Electricity supplied,6584.884
2017,5,Distribution losses,550.472
2017,5,Final consumption,6034.412
2017,5,Electricity trade,-4.414
2017,5,Renewables,5424.552
2017,5,Non-renewables,1155.918
2017,5,Others,175.382
2017,5,Other renewables aggregated,89.496
2017,5,Low carbon,5424.552
2017,5,Fossil fuels,1155.918
2017,6,Hydro,5178.952
2017,6,Wind,0.216
2017,6,Solar,1.11
2017,6,Total combustible fuels,1220.131
2017,6,Coal,113.038
2017,6,Oil,171.416
2017,6,Natural gas,833.222
2017,6,Combustible renewables,102.455
2017,6,Net electricity production,6400.409
2017,6,Total imports,0.169
2017,6,Total exports,0.013
2017,6,Electricity supplied,6400.565
2017,6,Distribution losses,397.878
2017,6,Final consumption,6002.687
2017,6,Electricity trade,-0.156
2017,6,Renewables,5282.733
2017,6,Non-renewables,1117.676
2017,6,Others,171.416
2017,6,Other renewables aggregated,102.455
2017,6,Low carbon,5282.733
2017,6,Fossil fuels,1117.676
2017,7,Hydro,5358.936
2017,7,Solar,1.195
2017,7,Total combustible fuels,1215.492
2017,7,Coal,107.484
2017,7,Oil,170.129
2017,7,Natural gas,821.685
2017,7,Combustible renewables,116.194
2017,7,Net electricity production,6575.623
2017,7,Total imports,0.032
2017,7,Total exports,0.045
2017,7,Electricity supplied,6575.61
2017,7,Distribution losses,509.317
2017,7,Final consumption,6066.293
2017,7,Electricity trade,0.013
2017,7,Renewables,5476.325
2017,7,Non-renewables,1099.298
2017,7,Others,170.129
2017,7,Other renewables aggregated,116.194
2017,7,Low carbon,5476.325
2017,7,Fossil fuels,1099.298
2017,8,Hydro,5337.995
2017,8,Wind,0.079
2017,8,Solar,1.195
2017,8,Total combustible fuels,1339.756
2017,8,Coal,212.155
2017,8,Oil,173.749
2017,8,Natural gas,834.101
2017,8,Combustible renewables,119.751
2017,8,Net electricity production,6679.025
2017,8,Total imports,0.187
2017,8,Total exports,0.007
2017,8,Electricity supplied,6679.205
2017,8,Distribution losses,524.389
2017,8,Final consumption,6154.816
2017,8,Electricity trade,-0.18
2017,8,Renewables,5459.02
2017,8,Non-renewables,1220.005
2017,8,Others,173.749
2017,8,Other renewables aggregated,119.751
2017,8,Low carbon,5459.02
2017,8,Fossil fuels,1220.005
2017,9,Hydro,5039.534
2017,9,Wind,0.137
2017,9,Solar,1.186
2017,9,Total combustible fuels,1461.593
2017,9,Coal,356.617
2017,9,Oil,172.801
2017,9,Natural gas,815.587
2017,9,Combustible renewables,116.588
2017,9,Net electricity production,6502.45
2017,9,Total imports,0.244
2017,9,Total exports,0.005
2017,9,Electricity supplied,6502.689
2017,9,Distribution losses,420.514
2017,9,Final consumption,6082.175
2017,9,Electricity trade,-0.239
2017,9,Renewables,5157.445
2017,9,Non-renewables,1345.005
2017,9,Others,172.801
2017,9,Other renewables aggregated,116.588
2017,9,Low carbon,5157.445
2017,9,Fossil fuels,1345.005
2017,10,Hydro,5076.825
2017,10,Wind,0.328
2017,10,Solar,1.095
2017,10,Total combustible fuels,1538.605
2017,10,Coal,372.693
2017,10,Oil,173.198
2017,10,Natural gas,874.321
2017,10,Combustible renewables,118.393
2017,10,Net electricity production,6616.853
2017,10,Total imports,1.141
2017,10,Total exports,0.04
2017,10,Electricity supplied,6617.954
2017,10,Distribution losses,492.085
2017,10,Final consumption,6125.869
2017,10,Electricity trade,-1.101
2017,10,Renewables,5196.641
2017,10,Non-renewables,1420.212
2017,10,Others,173.198
2017,10,Other renewables aggregated,118.393
2017,10,Low carbon,5196.641
2017,10,Fossil fuels,1420.212
2017,11,Hydro,4952.862
2017,11,Wind,0.335
2017,11,Solar,1.031
2017,11,Total combustible fuels,1480.986
2017,11,Coal,275.477
2017,11,Oil,175.663
2017,11,Natural gas,924.535
2017,11,Combustible renewables,105.311
2017,11,Net electricity production,6435.214
2017,11,Total imports,10.262
2017,11,Total exports,0.147
2017,11,Electricity supplied,6445.329
2017,11,Distribution losses,417.75
2017,11,Final consumption,6027.579
2017,11,Electricity trade,-10.115
2017,11,Renewables,5059.539
2017,11,Non-renewables,1375.675
2017,11,Others,175.663
2017,11,Other renewables aggregated,105.311
2017,11,Low carbon,5059.539
2017,11,Fossil fuels,1375.675
2017,12,Hydro,5140.818
2017,12,Wind,0.855
2017,12,Solar,1.398
2017,12,Total combustible fuels,1422.821
2017,12,Coal,269.91
2017,12,Oil,170.874
2017,12,Natural gas,867.064
2017,12,Combustible renewables,114.973
2017,12,Net electricity production,6565.892
2017,12,Total imports,6.681
2017,12,Total exports,8.673
2017,12,Electricity supplied,6563.9
2017,12,Distribution losses,472.643
2017,12,Final consumption,6091.257
2017,12,Electricity trade,1.992
2017,12,Renewables,5258.044
2017,12,Non-renewables,1307.848
2017,12,Others,170.874
2017,12,Other renewables aggregated,114.973
2017,12,Low carbon,5258.044
2017,12,Fossil fuels,1307.848
2018,1,Hydro,4638.020035
2018,1,Wind,1.49979
2018,1,Solar,2.141028
2018,1,Geothermal,0.0
2018,1,Other renewables,0.0
2018,1,Nuclear,0.0
2018,1,Total combustible fuels,1614.695771
2018,1,Coal,500.420534
2018,1,Oil,179.751007
2018,1,Natural gas,816.24482
2018,1,Combustible renewables,118.27941
2018,1,Other combustible non-renewables,0.0
2018,1,Not specified,0.0
2018,1,Net electricity production,6256.356623
2018,1,Total imports,85.708949
2018,1,Total exports,0.080529
2018,1,Electricity supplied,6341.985043
2018,1,Used for pumped storage,0.0
2018,1,Distribution losses,584.340365
2018,1,Final consumption,5757.64468
2018,1,Electricity trade,-85.62842
2018,1,Renewables,4759.940263
2018,1,Non-renewables,1496.416361
2018,1,Others,179.751007
2018,1,Other renewables aggregated,118.27941
2018,1,Low carbon,4759.940263
2018,1,Fossil fuels,1496.416361
2018,2,Hydro,3891.016748
2018,2,Wind,2.332098
2018,2,Solar,2.040889
2018,2,Geothermal,0.0
2018,2,Other renewables,0.0
2018,2,Nuclear,0.0
2018,2,Total combustible fuels,1977.86903
2018,2,Coal,595.344488
2018,2,Oil,202.000242
2018,2,Natural gas,1062.236609
2018,2,Combustible renewables,118.287691
2018,2,Other combustible non-renewables,0.0
2018,2,Not specified,0.0
2018,2,Net electricity production,5873.258766
2018,2,Total imports,18.907265
2018,2,Total exports,0.042435
2018,2,Electricity supplied,5892.123596
2018,2,Used for pumped storage,0.0
2018,2,Distribution losses,547.341635
2018,2,Final consumption,5344.781961
2018,2,Electricity trade,-18.86483
2018,2,Renewables,4013.677426
2018,2,Non-renewables,1859.581339
2018,2,Others,202.000242
2018,2,Other renewables aggregated,118.287691
2018,2,Low carbon,4013.677426
2018,2,Fossil fuels,1859.581339
2018,3,Hydro,4482.131153
2018,3,Wind,3.046024
2018,3,Solar,2.251132
2018,3,Geothermal,0.0
2018,3,Other renewables,0.0
2018,3,Nuclear,0.0
2018,3,Total combustible fuels,1975.818859
2018,3,Coal,669.317231
2018,3,Oil,176.349151
2018,3,Natural gas,1011.855576
2018,3,Combustible renewables,118.296901
2018,3,Other combustible non-renewables,0.0
2018,3,Not specified,0.0
2018,3,Net electricity production,6463.247167
2018,3,Total imports,0.824583
2018,3,Total exports,0.058216
2018,3,Electricity supplied,6464.013534
2018,3,Used for pumped storage,0.0
2018,3,Distribution losses,604.845169
2018,3,Final consumption,5859.168364
2018,3,Electricity trade,-0.766367
2018,3,Renewables,4605.72521
2018,3,Non-renewables,1857.521958
2018,3,Others,176.349151
2018,3,Other renewables aggregated,118.296901
2018,3,Low carbon,4605.72521
2018,3,Fossil fuels,1857.521958
2018,4,Hydro,4905.469183
2018,4,Wind,2.712344
2018,4,Solar,1.825335
2018,4,Geothermal,0.0
2018,4,Other renewables,0.0
2018,4,Nuclear,0.0
2018,4,Total combustible fuels,1430.409243
2018,4,Coal,248.196741
2018,4,Oil,189.613939
2018,4,Natural gas,874.341334
2018,4,Combustible renewables,118.257229
2018,4,Other combustible non-renewables,0.0
2018,4,Not specified,0.0
2018,4,Net electricity production,6340.416105
2018,4,Total imports,1.760436
2018,4,Total exports,0.041224
2018,4,Electricity supplied,6342.135317
2018,4,Used for pumped storage,0.0
2018,4,Distribution losses,584.142602
2018,4,Final consumption,5757.992715
2018,4,Electricity trade,-1.719212
2018,4,Renewables,5028.264091
2018,4,Non-renewables,1312.152014
2018,4,Others,189.613939
2018,4,Other renewables aggregated,118.257229
2018,4,Low carbon,5028.264091
2018,4,Fossil fuels,1312.152014
2018,5,Hydro,5046.073804
2018,5,Wind,2.879436
2018,5,Solar,1.766769
2018,5,Geothermal,0.0
2018,5,Other renewables,0.0
2018,5,Nuclear,0.0
2018,5,Total combustible fuels,1499.201094
2018,5,Coal,272.018684
2018,5,Oil,191.760868
2018,5,Natural gas,917.266022
2018,5,Combustible renewables,118.155519
2018,5,Other combustible non-renewables,0.0
2018,5,Not specified,0.0
2018,5,Net electricity production,6549.921103
2018,5,Total imports,3.30307
2018,5,Total exports,0.055903
2018,5,Electricity supplied,6553.16827
2018,5,Used for pumped storage,0.0
2018,5,Distribution losses,605.182059
2018,5,Final consumption,5947.986211
2018,5,Electricity trade,-3.247167
2018,5,Renewables,5168.875528
2018,5,Non-renewables,1381.045574
2018,5,Others,191.760868
2018,5,Other renewables aggregated,118.155519
2018,5,Low carbon,5168.875528
2018,5,Fossil fuels,1381.045574
2018,6,Hydro,4963.879457
2018,6,Wind,3.720102
2018,6,Solar,1.705746
2018,6,Geothermal,0.0
2018,6,Other renewables,0.0
2018,6,Nuclear,0.0
2018,6,Total combustible fuels,1452.706337
2018,6,Coal,186.512257
2018,6,Oil,191.973321
2018,6,Natural gas,955.965381
2018,6,Combustible renewables,118.255377
2018,6,Other combustible non-renewables,0.0
2018,6,Not specified,0.0
2018,6,Net electricity production,6422.011642
2018,6,Total imports,0.00168
2018,6,Total exports,0.081369
2018,6,Electricity supplied,6421.931953
2018,6,Used for pumped storage,0.0
2018,6,Distribution losses,594.73955
2018,6,Final consumption,5827.192403
2018,6,Electricity trade,0.079689
2018,6,Renewables,5087.560682
2018,6,Non-renewables,1334.450959
2018,6,Others,191.973321
2018,6,Other renewables aggregated,118.255377
2018,6,Low carbon,5087.560682
2018,6,Fossil fuels,1334.450959
2018,7,Hydro,5209.744579
2018,7,Wind,5.691463
2018,7,Solar,1.471172
2018,7,Geothermal,0.0
2018,7,Other renewables,0.0
2018,7,Nuclear,0.0
2018,7,Total combustible fuels,1434.130008
2018,7,Coal,194.621183
2018,7,Oil,188.489142
2018,7,Natural gas,932.701268
2018,7,Combustible renewables,118.318416
2018,7,Other combustible non-renewables,0.0
2018,7,Not specified,0.0
2018,7,Net electricity production,6651.037223
2018,7,Total imports,0.0018
2018,7,Total exports,0.123971
2018,7,Electricity supplied,6650.915052
2018,7,Used for pumped storage,0.0
2018,7,Distribution losses,618.656143
2018,7,Final consumption,6032.258909
2018,7,Electricity trade,0.122171
2018,7,Renewables,5335.22563
2018,7,Non-renewables,1315.811593
2018,7,Others,188.489142
2018,7,Other renewables aggregated,118.318416
2018,7,Low carbon,5335.22563
2018,7,Fossil fuels,1315.811593
2018,8,Hydro,5189.145103
2018,8,Wind,5.589972
2018,8,Solar,0.617124
2018,8,Geothermal,0.0
2018,8,Other renewables,0.0
2018,8,Nuclear,0.0
2018,8,Total combustible fuels,1536.521467
2018,8,Coal,249.475701
2018,8,Oil,198.938692
2018,8,Natural gas,969.787422
2018,8,Combustible renewables,118.319652
2018,8,Other combustible non-renewables,0.0
2018,8,Not specified,0.0
2018,8,Net electricity production,6731.873667
2018,8,Total imports,0.00288
2018,8,Total exports,0.177227
2018,8,Electricity supplied,6731.69932
2018,8,Used for pumped storage,0.0
2018,8,Distribution losses,628.364496
2018,8,Final consumption,6103.334824
2018,8,Electricity trade,0.174347
2018,8,Renewables,5313.671851
2018,8,Non-renewables,1418.201815
2018,8,Others,198.938692
2018,8,Other renewables aggregated,118.319652
2018,8,Low carbon,5313.671851
2018,8,Fossil fuels,1418.201815
2018,9,Hydro,4936.719058
2018,9,Wind,3.669248
2018,9,Solar,0.528851
2018,9,Geothermal,0.0
2018,9,Other renewables,0.0
2018,9,Nuclear,0.0
2018,9,Total combustible fuels,1587.905513
2018,9,Coal,318.443081
2018,9,Oil,189.306536
2018,9,Natural gas,961.86417
2018,9,Combustible renewables,118.291725
2018,9,Other combustible non-renewables,0.0
2018,9,Not specified,0.0
2018,9,Net electricity production,6528.82267
2018,9,Total imports,0.00021
2018,9,Total exports,0.008451
2018,9,Electricity supplied,6528.814429
2018,9,Used for pumped storage,0.0
2018,9,Distribution losses,607.416418
2018,9,Final consumption,5921.398011
2018,9,Electricity trade,0.008241
2018,9,Renewables,5059.208882
2018,9,Non-renewables,1469.613787
2018,9,Others,189.306536
2018,9,Other renewables aggregated,118.291725
2018,9,Low carbon,5059.208882
2018,9,Fossil fuels,1469.613787
2018,10,Hydro,5131.390718
2018,10,Wind,1.849667
2018,10,Solar,0.836381
2018,10,Geothermal,0.0
2018,10,Other renewables,0.0
2018,10,Nuclear,0.0
2018,10,Total combustible fuels,1576.222752
2018,10,Coal,320.7612
2018,10,Oil,189.265095
2018,10,Natural gas,947.879863
2018,10,Combustible renewables,118.316594
2018,10,Other combustible non-renewables,0.0
2018,10,Not specified,0.0
2018,10,Net electricity production,6710.299518
2018,10,Total imports,0.073044
2018,10,Total exports,8.894009
2018,10,Electricity supplied,6701.478553
2018,10,Used for pumped storage,0.0
2018,10,Distribution losses,624.980589
2018,10,Final consumption,6076.497964
2018,10,Electricity trade,8.820965
2018,10,Renewables,5252.39336
2018,10,Non-renewables,1457.906158
2018,10,Others,189.265095
2018,10,Other renewables aggregated,118.316594
2018,10,Low carbon,5252.39336
2018,10,Fossil fuels,1457.906158
2018,11,Hydro,5171.790288
2018,11,Wind,3.640911
2018,11,Solar,0.727652
2018,11,Geothermal,0.0
2018,11,Other renewables,0.0
2018,11,Nuclear,0.0
2018,11,Total combustible fuels,1443.655317
2018,11,Coal,196.050781
2018,11,Oil,196.651314
2018,11,Natural gas,932.750149
2018,11,Combustible renewables,118.203073
2018,11,Other combustible non-renewables,0.0
2018,11,Not specified,0.0
2018,11,Net electricity production,6619.814168
2018,11,Total imports,0.038501
2018,11,Total exports,6.472832
2018,11,Electricity supplied,6613.379837
2018,11,Used for pumped storage,0.0
2018,11,Distribution losses,612.332338
2018,11,Final consumption,6001.047499
2018,11,Electricity trade,6.434331
2018,11,Renewables,5294.361924
2018,11,Non-renewables,1325.452244
2018,11,Others,196.651314
2018,11,Other renewables aggregated,118.203073
2018,11,Low carbon,5294.361924
2018,11,Fossil fuels,1325.452244
2018,12,Hydro,4622.75157
2018,12,Wind,5.654945
2018,12,Solar,4.477921
2018,12,Geothermal,0.0
2018,12,Other renewables,0.0
2018,12,Nuclear,0.0
2018,12,Total combustible fuels,1908.207608
2018,12,Coal,673.86753
2018,12,Oil,184.887137
2018,12,Natural gas,931.119142
2018,12,Combustible renewables,118.333799
2018,12,Other combustible non-renewables,0.0
2018,12,Not specified,0.0
2018,12,Net electricity production,6541.092045
2018,12,Total imports,11.344581
2018,12,Total exports,0.027835
2018,12,Electricity supplied,6552.408791
2018,12,Used for pumped storage,0.0
2018,12,Distribution losses,611.553732
2018,12,Final consumption,5940.855058
2018,12,Electricity trade,-11.316746
2018,12,Renewables,4751.218235
2018,12,Non-renewables,1789.873809
2018,12,Others,184.887137
2018,12,Other renewables aggregated,118.333799
2018,12,Low carbon,4751.218235
2018,12,Fossil fuels,1789.873809
2019,1,Hydro,3920.370278
2019,1,Wind,6.363735
2019,1,Solar,4.123789
2019,1,Geothermal,0.0
2019,1,Other renewables,0.0
2019,1,Nuclear,0.0
2019,1,Total combustible fuels,2473.894368
2019,1,Coal,1003.177237
2019,1,Oil,221.240475
2019,1,Natural gas,1122.324242
2019,1,Combustible renewables,127.152414
2019,1,Other combustible non-renewables,0.0
2019,1,Not specified,0.0
2019,1,Net electricity production,6404.75217
2019,1,Total imports,11.215249
2019,1,Total exports,0.009421
2019,1,Electricity supplied,6415.957998
2019,1,Used for pumped storage,0.0
2019,1,Distribution losses,417.362957
2019,1,Final consumption,5998.595042
2019,1,Electricity trade,-11.205828
2019,1,Renewables,4058.010216
2019,1,Non-renewables,2346.741954
2019,1,Others,221.240475
2019,1,Other renewables aggregated,127.152414
2019,1,Low carbon,4058.010216
2019,1,Fossil fuels,2346.741954
2019,2,Hydro,3617.088135
2019,2,Wind,6.69302
2019,2,Solar,6.229346
2019,2,Geothermal,0.0
2019,2,Other renewables,0.0
2019,2,Nuclear,0.0
2019,2,Total combustible fuels,2380.527561
2019,2,Coal,877.889496
2019,2,Oil,226.356225
2019,2,Natural gas,1149.132316
2019,2,Combustible renewables,127.149524
2019,2,Other combustible non-renewables,0.0
2019,2,Not specified,0.0
2019,2,Net electricity production,6010.538061
2019,2,Total imports,43.438549
2019,2,Total exports,0.000627
2019,2,Electricity supplied,6053.975983
2019,2,Used for pumped storage,0.0
2019,2,Distribution losses,389.727211
2019,2,Final consumption,5664.248772
2019,2,Electricity trade,-43.437922
2019,2,Renewables,3757.160025
2019,2,Non-renewables,2253.378037
2019,2,Others,226.356225
2019,2,Other renewables aggregated,127.149524
2019,2,Low carbon,3757.160025
2019,2,Fossil fuels,2253.378037
2019,3,Hydro,4172.093173
2019,3,Wind,6.331609
2019,3,Solar,11.985129
2019,3,Geothermal,0.0
2019,3,Other renewables,0.0
2019,3,Nuclear,0.0
2019,3,Total combustible fuels,2306.556744
2019,3,Coal,889.655489
2019,3,Oil,219.225912
2019,3,Natural gas,1070.525058
2019,3,Combustible renewables,127.150286
2019,3,Other combustible non-renewables,0.0
2019,3,Not specified,0.0
2019,3,Net electricity production,6496.966655
2019,3,Total imports,20.202372
2019,3,Total exports,0.000328
2019,3,Electricity supplied,6517.168699
2019,3,Used for pumped storage,0.0
2019,3,Distribution losses,424.413248
2019,3,Final consumption,6092.755452
2019,3,Electricity trade,-20.202044
2019,3,Renewables,4317.560197
2019,3,Non-renewables,2179.406459
2019,3,Others,219.225912
2019,3,Other renewables aggregated,127.150286
2019,3,Low carbon,4317.560197
2019,3,Fossil fuels,2179.406459
2019,4,Hydro,4478.675866
2019,4,Wind,6.833387
2019,4,Solar,12.693369
2019,4,Geothermal,0.0
2019,4,Other renewables,0.0
2019,4,Nuclear,0.0
2019,4,Total combustible fuels,1878.451598
2019,4,Coal,540.452483
2019,4,Oil,216.93553
2019,4,Natural gas,993.917598
2019,4,Combustible renewables,127.145987
2019,4,Other combustible non-renewables,0.0
2019,4,Not specified,0.0
2019,4,Net electricity production,6376.654221
2019,4,Total imports,12.915331
2019,4,Total exports,0.001771
2019,4,Electricity supplied,6389.567781
2019,4,Used for pumped storage,0.0
2019,4,Distribution losses,413.969023
2019,4,Final consumption,5975.598757
2019,4,Electricity trade,-12.91356
2019,4,Renewables,4625.348609
2019,4,Non-renewables,1751.305611
2019,4,Others,216.93553
2019,4,Other renewables aggregated,127.145987
2019,4,Low carbon,4625.348609
2019,4,Fossil fuels,1751.305611
2019,5,Hydro,4810.28519
2019,5,Wind,6.181242
2019,5,Solar,10.42215
2019,5,Geothermal,0.0
2019,5,Other renewables,0.0
2019,5,Nuclear,0.0
2019,5,Total combustible fuels,1817.452442
2019,5,Coal,543.848767
2019,5,Oil,225.388101
2019,5,Natural gas,921.073833
2019,5,Combustible renewables,127.141741
2019,5,Other combustible non-renewables,0.0
2019,5,Not specified,0.0
2019,5,Net electricity production,6644.341023
2019,5,Total imports,21.583653
2019,5,Total exports,0.008456
2019,5,Electricity supplied,6665.91622
2019,5,Used for pumped storage,0.0
2019,5,Distribution losses,433.706702
2019,5,Final consumption,6232.209518
2019,5,Electricity trade,-21.575197
2019,5,Renewables,4954.030323
2019,5,Non-renewables,1690.310701
2019,5,Others,225.388101
2019,5,Other renewables aggregated,127.141741
2019,5,Low carbon,4954.030323
2019,5,Fossil fuels,1690.310701
2019,6,Hydro,4901.975867
2019,6,Wind,6.430414
2019,6,Solar,11.972251
2019,6,Geothermal,0.0
2019,6,Other renewables,0.0
2019,6,Nuclear,0.0
2019,6,Total combustible fuels,1538.568749
2019,6,Coal,278.265602
2019,6,Oil,219.190371
2019,6,Natural gas,913.96455
2019,6,Combustible renewables,127.148225
2019,6,Other combustible non-renewables,0.0
2019,6,Not specified,0.0
2019,6,Net electricity production,6458.947281
2019,6,Total imports,12.185297
2019,6,Total exports,0.001669
2019,6,Electricity supplied,6471.130909
2019,6,Used for pumped storage,0.0
2019,6,Distribution losses,420.438322
2019,6,Final consumption,6050.692586
2019,6,Electricity trade,-12.183628
2019,6,Renewables,5047.526757
2019,6,Non-renewables,1411.420523
2019,6,Others,219.190371
2019,6,Other renewables aggregated,127.148225
2019,6,Low carbon,5047.526757
2019,6,Fossil fuels,1411.420523
2019,7,Hydro,5101.313525
2019,7,Wind,6.35671
2019,7,Solar,12.701994
2019,7,Geothermal,0.0
2019,7,Other renewables,0.0
2019,7,Nuclear,0.0
2019,7,Total combustible fuels,1601.668853
2019,7,Coal,319.569092
2019,7,Oil,218.773535
2019,7,Natural gas,936.174837
2019,7,Combustible renewables,127.151389
2019,7,Other combustible non-renewables,0.0
2019,7,Not specified,0.0
2019,7,Net electricity production,6722.041081
2019,7,Total imports,3.289603
2019,7,Total exports,0.0
2019,7,Electricity supplied,6725.330684
2019,7,Used for pumped storage,0.0
2019,7,Distribution losses,440.028072
2019,7,Final consumption,6285.302612
2019,7,Electricity trade,-3.289603
2019,7,Renewables,5247.523618
2019,7,Non-renewables,1474.517464
2019,7,Others,218.773535
2019,7,Other renewables aggregated,127.151389
2019,7,Low carbon,5247.523618
2019,7,Fossil fuels,1474.517464
2019,8,Hydro,4993.664133
2019,8,Wind,3.786017
2019,8,Solar,13.185536
2019,8,Geothermal,0.0
2019,8,Other renewables,0.0
2019,8,Nuclear,0.0
2019,8,Total combustible fuels,1775.037087
2019,8,Coal,370.568493
2019,8,Oil,220.903303
2019,8,Natural gas,1056.414175
2019,8,Combustible renewables,127.151116
2019,8,Other combustible non-renewables,0.0
2019,8,Not specified,0.0
2019,8,Net electricity production,6785.672773
2019,8,Total imports,14.839053
2019,8,Total exports,0.006737
2019,8,Electricity supplied,6800.505089
2019,8,Used for pumped storage,0.0
2019,8,Distribution losses,445.550444
2019,8,Final consumption,6354.954645
2019,8,Electricity trade,-14.832316
2019,8,Renewables,5137.786802
2019,8,Non-renewables,1647.885971
2019,8,Others,220.903303
2019,8,Other renewables aggregated,127.151116
2019,8,Low carbon,5137.786802
2019,8,Fossil fuels,1647.885971
2019,9,Hydro,4487.746576
2019,9,Wind,2.416531
2019,9,Solar,12.499193
2019,9,Geothermal,0.0
2019,9,Other renewables,0.0
2019,9,Nuclear,0.0
2019,9,Total combustible fuels,2087.640463
2019,9,Coal,661.962755
2019,9,Oil,218.695853
2019,9,Natural gas,1079.831307
2019,9,Combustible renewables,127.150548
2019,9,Other combustible non-renewables,0.0
2019,9,Not specified,0.0
2019,9,Net electricity production,6590.302763
2019,9,Total imports,0.0
2019,9,Total exports,0.0
2019,9,Electricity supplied,6590.302763
2019,9,Used for pumped storage,0.0
2019,9,Distribution losses,429.880708
2019,9,Final consumption,6160.422055
2019,9,Electricity trade,0.0
2019,9,Renewables,4629.812848
2019,9,Non-renewables,1960.489915
2019,9,Others,218.695853
2019,9,Other renewables aggregated,127.150548
2019,9,Low carbon,4629.812848
2019,9,Fossil fuels,1960.489915
2019,10,Hydro,4343.71446
2019,10,Wind,2.272432
2019,10,Solar,12.249321
2019,10,Geothermal,0.0
2019,10,Other renewables,0.0
2019,10,Nuclear,0.0
2019,10,Total combustible fuels,2342.907526
2019,10,Coal,794.017066
2019,10,Oil,226.201257
2019,10,Natural gas,1195.537087
2019,10,Combustible renewables,127.152116
2019,10,Other combustible non-renewables,0.0
2019,10,Not specified,0.0
2019,10,Net electricity production,6701.143739
2019,10,Total imports,7.083646
2019,10,Total exports,0.011456
2019,10,Electricity supplied,6708.215929
2019,10,Used for pumped storage,0.0
2019,10,Distribution losses,438.990917
2019,10,Final consumption,6269.225011
2019,10,Electricity trade,-7.07219
2019,10,Renewables,4485.388329
2019,10,Non-renewables,2215.75541
2019,10,Others,226.201257
2019,10,Other renewables aggregated,127.152116
2019,10,Low carbon,4485.388329
2019,10,Fossil fuels,2215.75541
2019,11,Hydro,4326.446322
2019,11,Wind,3.373902
2019,11,Solar,13.17919
2019,11,Geothermal,0.0
2019,11,Other renewables,0.0
2019,11,Nuclear,0.0
2019,11,Total combustible fuels,2207.062162
2019,11,Coal,771.84501
2019,11,Oil,218.870107
2019,11,Natural gas,1089.202887
2019,11,Combustible renewables,127.144158
2019,11,Other combustible non-renewables,0.0
2019,11,Not specified,0.0
2019,11,Net electricity production,6550.061577
2019,11,Total imports,3.413037
2019,11,Total exports,0.020384
2019,11,Electricity supplied,6553.45423
2019,11,Used for pumped storage,0.0
2019,11,Distribution losses,425.872814
2019,11,Final consumption,6127.581416
2019,11,Electricity trade,-3.392653
2019,11,Renewables,4470.143572
2019,11,Non-renewables,2079.918004
2019,11,Others,218.870107
2019,11,Other renewables aggregated,127.144158
2019,11,Low carbon,4470.143572
2019,11,Fossil fuels,2079.918004
2019,12,Hydro,3824.172245
2019,12,Wind,4.587003
2019,12,Solar,12.070731
2019,12,Geothermal,0.0
2019,12,Other renewables,0.0
2019,12,Nuclear,0.0
2019,12,Total combustible fuels,2496.452448
2019,12,Coal,883.215597
2019,12,Oil,216.756021
2019,12,Natural gas,1269.331961
2019,12,Combustible renewables,127.14887
2019,12,Other combustible non-renewables,0.0
2019,12,Not specified,0.0
2019,12,Net electricity production,6337.282426
2019,12,Total imports,161.713211
2019,12,Total exports,0.033151
2019,12,Electricity supplied,6498.962486
2019,12,Used for pumped storage,0.0
2019,12,Distribution losses,422.513624
2019,12,Final consumption,6076.448861
2019,12,Electricity trade,-161.68006
2019,12,Renewables,3967.978849
2019,12,Non-renewables,2369.303579
2019,12,Others,216.756021
2019,12,Other renewables aggregated,127.14887
2019,12,Low carbon,3967.978849
2019,12,Fossil fuels,2369.303579
2020,1,Hydro,3915.653461
2020,1,Wind,0.510601
2020,1,Solar,15.889734
2020,1,Geothermal,0.0
2020,1,Other renewables,0.0
2020,1,Nuclear,0.0
2020,1,Total combustible fuels,2664.196248
2020,1,Coal,958.976424
2020,1,Oil,210.743186
2020,1,Natural gas,1320.942179
2020,1,Combustible renewables,173.534459
2020,1,Other combustible non-renewables,0.0
2020,1,Not specified,0.0
2020,1,Net electricity production,6596.250044
2020,1,Total imports,127.212368
2020,1,Total exports,0.0
2020,1,Electricity supplied,6723.462412
2020,1,Used for pumped storage,0.0
2020,1,Distribution losses,481.374208
2020,1,Final consumption,6242.088204
2020,1,Electricity trade,-127.212368
2020,1,Renewables,4105.588255
2020,1,Non-renewables,2490.661789
2020,1,Others,210.743186
2020,1,Other renewables aggregated,173.534459
2020,1,Low carbon,4105.588255
2020,1,Fossil fuels,2490.661789
2020,2,Hydro,3457.158838
2020,2,Wind,0.0
2020,2,Solar,15.637515
2020,2,Geothermal,0.0
2020,2,Other renewables,0.0
2020,2,Nuclear,0.0
2020,2,Total combustible fuels,2978.685149
2020,2,Coal,1044.132505
2020,2,Oil,215.589387
2020,2,Natural gas,1545.430861
2020,2,Combustible renewables,173.532397
2020,2,Other combustible non-renewables,0.0
2020,2,Not specified,0.0
2020,2,Net electricity production,6451.481502
2020,2,Total imports,108.120077
2020,2,Total exports,0.0
2020,2,Electricity supplied,6559.601579
2020,2,Used for pumped storage,0.0
2020,2,Distribution losses,471.056844
2020,2,Final consumption,6088.544735
2020,2,Electricity trade,-108.120077
2020,2,Renewables,3646.32875
2020,2,Non-renewables,2805.152753
2020,2,Others,215.589387
2020,2,Other renewables aggregated,173.532397
2020,2,Low carbon,3646.32875
2020,2,Fossil fuels,2805.152753
2020,3,Hydro,3683.937349
2020,3,Wind,0.0
2020,3,Solar,16.271686
2020,3,Geothermal,0.0
2020,3,Other renewables,0.0
2020,3,Nuclear,0.0
2020,3,Total combustible fuels,2827.048125
2020,3,Coal,1010.62085
2020,3,Oil,209.626362
2020,3,Natural gas,1433.282684
2020,3,Combustible renewables,173.518229
2020,3,Other combustible non-renewables,0.0
2020,3,Not specified,0.0
2020,3,Net electricity production,6527.257159
2020,3,Total imports,59.548419
2020,3,Total exports,0.0
2020,3,Electricity supplied,6586.805578
2020,3,Used for pumped storage,0.0
2020,3,Distribution losses,471.445974
2020,3,Final consumption,6115.359604
2020,3,Electricity trade,-59.548419
2020,3,Renewables,3873.727264
2020,3,Non-renewables,2653.529896
2020,3,Others,209.626362
2020,3,Other renewables aggregated,173.518229
2020,3,Low carbon,3873.727264
2020,3,Fossil fuels,2653.529896
2020,4,Hydro,3367.440063
2020,4,Wind,0.0
2020,4,Solar,15.030507
2020,4,Geothermal,0.0
2020,4,Other renewables,0.0
2020,4,Nuclear,0.0
2020,4,Total combustible fuels,2321.744251
2020,4,Coal,881.035532
2020,4,Oil,217.717358
2020,4,Natural gas,1049.50421
2020,4,Combustible renewables,173.48715
2020,4,Other combustible non-renewables,0.0
2020,4,Not specified,0.0
2020,4,Net electricity production,5704.214821
2020,4,Total imports,201.866575
2020,4,Total exports,0.0
2020,4,Electricity supplied,5906.081396
2020,4,Used for pumped storage,0.0
2020,4,Distribution losses,409.190715
2020,4,Final consumption,5496.890681
2020,4,Electricity trade,-201.866575
2020,4,Renewables,3555.95772
2020,4,Non-renewables,2148.2571
2020,4,Others,217.717358
2020,4,Other renewables aggregated,173.48715
2020,4,Low carbon,3555.95772
2020,4,Fossil fuels,2148.2571
2020,5,Hydro,3297.203198
2020,5,Wind,0.0
2020,5,Solar,15.357394
2020,5,Geothermal,0.0
2020,5,Other renewables,0.0
2020,5,Nuclear,0.0
2020,5,Total combustible fuels,2750.588095
2020,5,Coal,1001.010195
2020,5,Oil,214.725705
2020,5,Natural gas,1361.379657
2020,5,Combustible renewables,173.472538
2020,5,Other combustible non-renewables,0.0
2020,5,Not specified,0.0
2020,5,Net electricity production,6063.148687
2020,5,Total imports,224.307384
2020,5,Total exports,0.0
2020,5,Electricity supplied,6287.456071
2020,5,Used for pumped storage,0.0
2020,5,Distribution losses,443.841959
2020,5,Final consumption,5843.614113
2020,5,Electricity trade,-224.307384
2020,5,Renewables,3486.03313
2020,5,Non-renewables,2577.115557
2020,5,Others,214.725705
2020,5,Other renewables aggregated,173.472538
2020,5,Low carbon,3486.03313
2020,5,Fossil fuels,2577.115557
2020,6,Hydro,3344.633799
2020,6,Wind,0.0
2020,6,Solar,14.043682
2020,6,Geothermal,0.0
2020,6,Other renewables,0.0
2020,6,Nuclear,0.0
2020,6,Total combustible fuels,2615.782597
2020,6,Coal,887.845236
2020,6,Oil,210.584172
2020,6,Natural gas,1343.846808
2020,6,Combustible renewables,173.506383
2020,6,Other combustible non-renewables,0.0
2020,6,Not specified,0.0
2020,6,Net electricity production,5974.460079
2020,6,Total imports,222.24267
2020,6,Total exports,0.0
2020,6,Electricity supplied,6196.702749
2020,6,Used for pumped storage,0.0
2020,6,Distribution losses,437.445399
2020,6,Final consumption,5759.25735
2020,6,Electricity trade,-222.24267
2020,6,Renewables,3532.183864
2020,6,Non-renewables,2442.276216
2020,6,Others,210.584172
2020,6,Other renewables aggregated,173.506383
2020,6,Low carbon,3532.183864
2020,6,Fossil fuels,2442.276216
2020,7,Hydro,4545.106164
2020,7,Wind,0.00547
2020,7,Solar,14.537147
2020,7,Geothermal,0.0
2020,7,Other renewables,0.0
2020,7,Nuclear,0.0
2020,7,Total combustible fuels,1843.364568
2020,7,Coal,473.559938
2020,7,Oil,208.29105
2020,7,Natural gas,987.994442
2020,7,Combustible renewables,173.519139
2020,7,Other combustible non-renewables,0.0
2020,7,Not specified,0.0
2020,7,Net electricity production,6403.013349
2020,7,Total imports,210.912663
2020,7,Total exports,0.0
2020,7,Electricity supplied,6613.926012
2020,7,Used for pumped storage,0.0
2020,7,Distribution losses,466.075198
2020,7,Final consumption,6147.850814
2020,7,Electricity trade,-210.912663
2020,7,Renewables,4733.16792
2020,7,Non-renewables,1669.84543
2020,7,Others,208.29105
2020,7,Other renewables aggregated,173.519139
2020,7,Low carbon,4733.16792
2020,7,Fossil fuels,1669.84543
2020,8,Hydro,4570.826143
2020,8,Wind,1.941069
2020,8,Solar,14.560367
2020,8,Geothermal,0.0
2020,8,Other renewables,0.0
2020,8,Nuclear,0.0
2020,8,Total combustible fuels,1936.357002
2020,8,Coal,470.805573
2020,8,Oil,208.293717
2020,8,Natural gas,1083.738199
2020,8,Combustible renewables,173.519514
2020,8,Other combustible non-renewables,0.0
2020,8,Not specified,0.0
2020,8,Net electricity production,6523.684581
2020,8,Total imports,135.876472
2020,8,Total exports,0.0
2020,8,Electricity supplied,6659.561053
2020,8,Used for pumped storage,0.0
2020,8,Distribution losses,471.196447
2020,8,Final consumption,6188.364607
2020,8,Electricity trade,-135.876472
2020,8,Renewables,4760.847093
2020,8,Non-renewables,1762.837489
2020,8,Others,208.293717
2020,8,Other renewables aggregated,173.519514
2020,8,Low carbon,4760.847093
2020,8,Fossil fuels,1762.837489
2020,9,Hydro,4350.056194
2020,9,Wind,1.394612
2020,9,Solar,16.774181
2020,9,Geothermal,0.0
2020,9,Other renewables,0.0
2020,9,Nuclear,0.0
2020,9,Total combustible fuels,2153.665049
2020,9,Coal,563.795752
2020,9,Oil,213.790517
2020,9,Natural gas,1202.569203
2020,9,Combustible renewables,173.509577
2020,9,Other combustible non-renewables,0.0
2020,9,Not specified,0.0
2020,9,Net electricity production,6521.890036
2020,9,Total imports,10.330025
2020,9,Total exports,0.0
2020,9,Electricity supplied,6532.220061
2020,9,Used for pumped storage,0.0
2020,9,Distribution losses,462.431336
2020,9,Final consumption,6069.788725
2020,9,Electricity trade,-10.330025
2020,9,Renewables,4541.734564
2020,9,Non-renewables,1980.155472
2020,9,Others,213.790517
2020,9,Other renewables aggregated,173.509577
2020,9,Low carbon,4541.734564
2020,9,Fossil fuels,1980.155472
2020,10,Hydro,4531.500752
2020,10,Wind,1.389169
2020,10,Solar,17.177205
2020,10,Geothermal,0.0
2020,10,Other renewables,0.0
2020,10,Nuclear,0.0
2020,10,Total combustible fuels,2229.292759
2020,10,Coal,708.016054
2020,10,Oil,211.39599
2020,10,Natural gas,1136.36592
2020,10,Combustible renewables,173.514795
2020,10,Other combustible non-renewables,0.0
2020,10,Not specified,0.0
2020,10,Net electricity production,6779.359885
2020,10,Total imports,0.9941
2020,10,Total exports,0.0
2020,10,Electricity supplied,6780.353985
2020,10,Used for pumped storage,0.0
2020,10,Distribution losses,482.392481
2020,10,Final consumption,6297.961505
2020,10,Electricity trade,-0.9941
2020,10,Renewables,4723.581921
2020,10,Non-renewables,2055.777964
2020,10,Others,211.39599
2020,10,Other renewables aggregated,173.514795
2020,10,Low carbon,4723.581921
2020,10,Fossil fuels,2055.777964
2020,11,Hydro,4705.170697
2020,11,Wind,1.271657
2020,11,Solar,15.923546
2020,11,Geothermal,0.0
2020,11,Other renewables,0.0
2020,11,Nuclear,0.0
2020,11,Total combustible fuels,2034.655179
2020,11,Coal,527.852583
2020,11,Oil,212.72218
2020,11,Natural gas,1120.612386
2020,11,Combustible renewables,173.46803
2020,11,Other combustible non-renewables,0.0
2020,11,Not specified,0.0
2020,11,Net electricity production,6757.021078
2020,11,Total imports,0.178247
2020,11,Total exports,0.0
2020,11,Electricity supplied,6757.199325
2020,11,Used for pumped storage,0.0
2020,11,Distribution losses,477.865884
2020,11,Final consumption,6279.333442
2020,11,Electricity trade,-0.178247
2020,11,Renewables,4895.83393
2020,11,Non-renewables,1861.187149
2020,11,Others,212.72218
2020,11,Other renewables aggregated,173.46803
2020,11,Low carbon,4895.83393
2020,11,Fossil fuels,1861.187149
2020,12,Hydro,4675.78034
2020,12,Wind,3.294423
2020,12,Solar,23.434035
2020,12,Geothermal,0.0
2020,12,Other renewables,0.0
2020,12,Nuclear,0.0
2020,12,Total combustible fuels,2082.778475
2020,12,Coal,558.834066
2020,12,Oil,212.946165
2020,12,Natural gas,1137.462984
2020,12,Combustible renewables,173.535259
2020,12,Other combustible non-renewables,0.0
2020,12,Not specified,0.0
2020,12,Net electricity production,6785.287273
2020,12,Total imports,0.0
2020,12,Total exports,0.0
2020,12,Electricity supplied,6785.287273
2020,12,Used for pumped storage,0.0
2020,12,Distribution losses,483.138153
2020,12,Final consumption,6302.14912
2020,12,Electricity trade,0.0
2020,12,Renewables,4876.044057
2020,12,Non-renewables,1909.243215
2020,12,Others,212.946165
2020,12,Other renewables aggregated,173.535259
2020,12,Low carbon,4876.044057
2020,12,Fossil fuels,1909.243215
2021,1,Hydro,4462.488764
2021,1,Wind,4.239997
2021,1,Solar,25.642025
2021,1,Geothermal,0.0
2021,1,Other renewables,0.0
2021,1,Nuclear,0.0
2021,1,Total combustible fuels,2096.186802
2021,1,Coal,569.627612
2021,1,Oil,213.370016
2021,1,Natural gas,1139.661351
2021,1,Combustible renewables,173.527828
2021,1,Other combustible non-renewables,0.0
2021,1,Not specified,0.0
2021,1,Net electricity production,6588.557588
2021,1,Total imports,3.018819
2021,1,Total exports,0.0
2021,1,Electricity supplied,6591.576407
2021,1,Used for pumped storage,0.0
2021,1,Distribution losses,467.866806
2021,1,Final consumption,6123.709602
2021,1,Electricity trade,-3.018819
2021,1,Renewables,4665.898614
2021,1,Non-renewables,1922.658979
2021,1,Others,213.370016
2021,1,Other renewables aggregated,173.527828
2021,1,Low carbon,4665.898614
2021,1,Fossil fuels,1922.658979
2021,2,Hydro,3895.003829
2021,2,Wind,5.508708
2021,2,Solar,24.924012
2021,2,Geothermal,0.0
2021,2,Other renewables,0.0
2021,2,Nuclear,0.0
2021,2,Total combustible fuels,2383.287842
2021,2,Coal,856.975434
2021,2,Oil,208.86998
2021,2,Natural gas,1143.913279
2021,2,Combustible renewables,173.529149
2021,2,Other combustible non-renewables,0.0
2021,2,Not specified,0.0
2021,2,Net electricity production,6308.724391
2021,2,Total imports,7.519514
2021,2,Total exports,0.0
2021,2,Electricity supplied,6316.243905
2021,2,Used for pumped storage,0.0
2021,2,Distribution losses,446.501407
2021,2,Final consumption,5869.742498
2021,2,Electricity trade,-7.519514
2021,2,Renewables,4098.965698
2021,2,Non-renewables,2209.758693
2021,2,Others,208.86998
2021,2,Other renewables aggregated,173.529149
2021,2,Low carbon,4098.965698
2021,2,Fossil fuels,2209.758693
2021,3,Hydro,4706.124799
2021,3,Wind,6.027887
2021,3,Solar,25.92346
2021,3,Geothermal,0.0
2021,3,Other renewables,0.0
2021,3,Nuclear,0.0
2021,3,Total combustible fuels,1980.516694
2021,3,Coal,488.444474
2021,3,Oil,209.143441
2021,3,Natural gas,1109.396175
2021,3,Combustible renewables,173.532603
2021,3,Other combustible non-renewables,0.0
2021,3,Not specified,0.0
2021,3,Net electricity production,6718.59284
2021,3,Total imports,166.205049
2021,3,Total exports,0.0
2021,3,Electricity supplied,6884.797889
2021,3,Used for pumped storage,0.0
2021,3,Distribution losses,490.94386
2021,3,Final consumption,6393.854029
2021,3,Electricity trade,-166.205049
2021,3,Renewables,4911.608749
2021,3,Non-renewables,1806.98409
2021,3,Others,209.143441
2021,3,Other renewables aggregated,173.532603
2021,3,Low carbon,4911.608749
2021,3,Fossil fuels,1806.98409
2021,4,Hydro,4645.12351
2021,4,Wind,6.145962
2021,4,Solar,24.246495
2021,4,Geothermal,0.0
2021,4,Other renewables,0.0
2021,4,Nuclear,0.0
2021,4,Total combustible fuels,1833.103662
2021,4,Coal,424.958753
2021,4,Oil,211.094832
2021,4,Natural gas,1023.522978
2021,4,Combustible renewables,173.527104
2021,4,Other combustible non-renewables,0.0
2021,4,Not specified,0.0
2021,4,Net electricity production,6508.619629
2021,4,Total imports,174.5147
2021,4,Total exports,0.0
2021,4,Electricity supplied,6683.134329
2021,4,Used for pumped storage,0.0
2021,4,Distribution losses,473.02683
2021,4,Final consumption,6210.1075
2021,4,Electricity trade,-174.5147
2021,4,Renewables,4849.043071
2021,4,Non-renewables,1659.576563
2021,4,Others,211.094832
2021,4,Other renewables aggregated,173.527104
2021,4,Low carbon,4849.043071
2021,4,Fossil fuels,1659.576563
2021,5,Hydro,5010.432604
2021,5,Wind,6.778501
2021,5,Solar,22.420167
2021,5,Geothermal,0.0
2021,5,Other renewables,0.0
2021,5,Nuclear,0.0
2021,5,Total combustible fuels,1689.826639
2021,5,Coal,306.166513
2021,5,Oil,208.289347
2021,5,Natural gas,1001.939035
2021,5,Combustible renewables,173.431749
2021,5,Other combustible non-renewables,0.0
2021,5,Not specified,0.0
2021,5,Net electricity production,6729.457911
2021,5,Total imports,15.61823
2021,5,Total exports,0.0
2021,5,Electricity supplied,6745.076141
2021,5,Used for pumped storage,0.0
2021,5,Distribution losses,473.992546
2021,5,Final consumption,6271.083595
2021,5,Electricity trade,-15.61823
2021,5,Renewables,5213.063021
2021,5,Non-renewables,1516.394895
2021,5,Others,208.289347
2021,5,Other renewables aggregated,173.431749
2021,5,Low carbon,5213.063021
2021,5,Fossil fuels,1516.394895
2021,6,Hydro,4967.299957
2021,6,Wind,5.823045
2021,6,Solar,22.681792
2021,6,Geothermal,0.0
2021,6,Other renewables,0.0
2021,6,Nuclear,0.0
2021,6,Total combustible fuels,1695.26515
2021,6,Coal,225.956006
2021,6,Oil,211.81741
2021,6,Natural gas,1083.974803
2021,6,Combustible renewables,173.51694
2021,6,Other combustible non-renewables,0.0
2021,6,Not specified,0.0
2021,6,Net electricity production,6691.069944
2021,6,Total imports,1.173716
2021,6,Total exports,0.0
2021,6,Electricity supplied,6692.24366
2021,6,Used for pumped storage,0.0
2021,6,Distribution losses,474.015386
2021,6,Final consumption,6218.228274
2021,6,Electricity trade,-1.173716
2021,6,Renewables,5169.321734
2021,6,Non-renewables,1521.748219
2021,6,Others,211.81741
2021,6,Other renewables aggregated,173.51694
2021,6,Low carbon,5169.321734
2021,6,Fossil fuels,1521.748219
2021,7,Hydro,5200.996588
2021,7,Wind,5.932355
2021,7,Solar,25.881748
2021,7,Geothermal,0.0
2021,7,Other renewables,0.0
2021,7,Nuclear,0.0
2021,7,Total combustible fuels,1789.583897
2021,7,Coal,279.447485
2021,7,Oil,210.978682
2021,7,Natural gas,1125.6298
2021,7,Combustible renewables,173.527935
2021,7,Other combustible non-renewables,0.0
2021,7,Not specified,0.0
2021,7,Net electricity production,7022.394588
2021,7,Total imports,0.789217
2021,7,Total exports,0.0
2021,7,Electricity supplied,7023.183805
2021,7,Used for pumped storage,0.0
2021,7,Distribution losses,501.705332
2021,7,Final consumption,6521.478473
2021,7,Electricity trade,-0.789217
2021,7,Renewables,5406.338626
2021,7,Non-renewables,1616.055967
2021,7,Others,210.978682
2021,7,Other renewables aggregated,173.527935
2021,7,Low carbon,5406.338626
2021,7,Fossil fuels,1616.055967
2021,8,Hydro,5219.620165
2021,8,Wind,4.302403
2021,8,Solar,26.326982
2021,8,Geothermal,0.0
2021,8,Other renewables,0.0
2021,8,Nuclear,0.0
2021,8,Total combustible fuels,1764.839388
2021,8,Coal,260.067728
2021,8,Oil,208.472692
2021,8,Natural gas,1122.757468
2021,8,Combustible renewables,173.541504
2021,8,Other combustible non-renewables,0.0
2021,8,Not specified,0.0
2021,8,Net electricity production,7015.088938
2021,8,Total imports,0.608666
2021,8,Total exports,0.0
2021,8,Electricity supplied,7015.697604
2021,8,Used for pumped storage,0.0
2021,8,Distribution losses,499.889915
2021,8,Final consumption,6515.807689
2021,8,Electricity trade,-0.608666
2021,8,Renewables,5423.791054
2021,8,Non-renewables,1591.297888
2021,8,Others,208.472692
2021,8,Other renewables aggregated,173.541504
2021,8,Low carbon,5423.791054
2021,8,Fossil fuels,1591.297888
2021,9,Hydro,5363.222723
2021,9,Wind,3.737552
2021,9,Solar,28.635558
2021,9,Geothermal,0.0
2021,9,Other renewables,0.0
2021,9,Nuclear,0.0
2021,9,Total combustible fuels,1744.589017
2021,9,Coal,261.028163
2021,9,Oil,214.563725
2021,9,Natural gas,1095.463342
2021,9,Combustible renewables,173.53379
2021,9,Other combustible non-renewables,0.0
2021,9,Not specified,0.0
2021,9,Net electricity production,7140.18485
2021,9,Total imports,0.095611
2021,9,Total exports,0.0
2021,9,Electricity supplied,7140.280461
2021,9,Used for pumped storage,0.0
2021,9,Distribution losses,496.956884
2021,9,Final consumption,6643.323577
2021,9,Electricity trade,-0.095611
2021,9,Renewables,5569.129623
2021,9,Non-renewables,1571.05523
2021,9,Others,214.563725
2021,9,Other renewables aggregated,173.53379
2021,9,Low carbon,5569.129623
2021,9,Fossil fuels,1571.05523
2021,10,Hydro,5443.080281
2021,10,Wind,2.560055
2021,10,Solar,31.833048
2021,10,Geothermal,0.0
2021,10,Other renewables,0.0
2021,10,Nuclear,0.0
2021,10,Total combustible fuels,1793.958313
2021,10,Coal,265.47767
2021,10,Oil,217.395008
2021,10,Natural gas,1137.557824
2021,10,Combustible renewables,173.527821
2021,10,Other combustible non-renewables,0.0
2021,10,Not specified,0.0
2021,10,Net electricity production,7271.431698
2021,10,Total imports,4.320825
2021,10,Total exports,0.0
2021,10,Electricity supplied,7275.752523
2021,10,Used for pumped storage,0.0
2021,10,Distribution losses,511.267518
2021,10,Final consumption,6764.485005
2021,10,Electricity trade,-4.320825
2021,10,Renewables,5651.001205
2021,10,Non-renewables,1620.430502
2021,10,Others,217.395008
2021,10,Other renewables aggregated,173.527821
2021,10,Low carbon,5651.001205
2021,10,Fossil fuels,1620.430502
2021,11,Hydro,5197.246268
2021,11,Wind,3.073552
2021,11,Solar,34.450938
2021,11,Geothermal,0.0
2021,11,Other renewables,0.0
2021,11,Nuclear,0.0
2021,11,Total combustible fuels,1730.376979
2021,11,Coal,233.150626
2021,11,Oil,208.485049
2021,11,Natural gas,1115.240075
2021,11,Combustible renewables,173.501229
2021,11,Other combustible non-renewables,0.0
2021,11,Not specified,0.0
2021,11,Net electricity production,6965.147737
2021,11,Total imports,1.472993
2021,11,Total exports,0.0
2021,11,Electricity supplied,6966.62073
2021,11,Used for pumped storage,0.0
2021,11,Distribution losses,495.329896
2021,11,Final consumption,6471.290833
2021,11,Electricity trade,-1.472993
2021,11,Renewables,5408.271987
2021,11,Non-renewables,1556.87575
2021,11,Others,208.485049
2021,11,Other renewables aggregated,173.501229
2021,11,Low carbon,5408.271987
2021,11,Fossil fuels,1556.87575
2021,12,Hydro,4074.603396
2021,12,Wind,3.876277
2021,12,Solar,30.735126
2021,12,Geothermal,0.0
2021,12,Other renewables,0.0
2021,12,Nuclear,0.0
2021,12,Total combustible fuels,1985.621073
2021,12,Coal,541.412913
2021,12,Oil,218.038505
2021,12,Natural gas,1052.632253
2021,12,Combustible renewables,173.537407
2021,12,Other combustible non-renewables,0.0
2021,12,Not specified,0.0
2021,12,Net electricity production,6094.835873
2021,12,Total imports,82.155234
2021,12,Total exports,0.0
2021,12,Electricity supplied,6176.991107
2021,12,Used for pumped storage,0.0
2021,12,Distribution losses,433.070845
2021,12,Final consumption,5743.920262
2021,12,Electricity trade,-82.155234
2021,12,Renewables,4282.752206
2021,12,Non-renewables,1812.083671
2021,12,Others,218.038505
2021,12,Other renewables aggregated,173.537407
2021,12,Low carbon,4282.752206
2021,12,Fossil fuels,1812.083671
2022,1,Hydro,4697.685752
2022,1,Wind,4.057209
2022,1,Solar,37.423628
2022,1,Total combustible fuels,2254.01561
2022,1,Coal,740.800485
2022,1,Oil,224.957068
2022,1,Natural gas,1106.755116
2022,1,Combustible renewables,181.502941
2022,1,Other combustible non-renewables,0.0
2022,1,Net electricity production,6993.182198
2022,1,Total imports,10.964515
2022,1,Total exports,11.834357
2022,1,Electricity supplied,6992.312356
2022,1,Distribution losses,378.777147
2022,1,Final consumption,6613.535209
2022,1,Electricity trade,0.869842
2022,1,Renewables,4920.66953
2022,1,Non-renewables,2072.512669
2022,1,Others,224.957068
2022,1,Other renewables aggregated,181.502941
2022,1,Low carbon,4920.66953
2022,1,Fossil fuels,2072.512669
2022,2,Hydro,4293.455374
2022,2,Wind,4.142837
2022,2,Solar,31.401022
2022,2,Total combustible fuels,2286.460672
2022,2,Coal,734.995656
2022,2,Oil,225.720351
2022,2,Natural gas,1144.242107
2022,2,Combustible renewables,181.502559
2022,2,Other combustible non-renewables,0.0
2022,2,Net electricity production,6615.459905
2022,2,Total imports,1.187094
2022,2,Total exports,8.438989
2022,2,Electricity supplied,6608.20801
2022,2,Distribution losses,354.638887
2022,2,Final consumption,6253.569123
2022,2,Electricity trade,7.251895
2022,2,Renewables,4510.501792
2022,2,Non-renewables,2104.958114
2022,2,Others,225.720351
2022,2,Other renewables aggregated,181.502559
2022,2,Low carbon,4510.501792
2022,2,Fossil fuels,2104.958114
2022,3,Hydro,5293.990685
2022,3,Wind,5.316631
2022,3,Solar,34.532819
2022,3,Total combustible fuels,1855.725822
2022,3,Coal,236.755112
2022,3,Oil,228.501729
2022,3,Natural gas,1208.967361
2022,3,Combustible renewables,181.50162
2022,3,Net electricity production,7189.565957
2022,3,Total imports,65.971592
2022,3,Total exports,0.533178
2022,3,Electricity supplied,7255.004371
2022,3,Distribution losses,394.149951
2022,3,Final consumption,6860.854421
2022,3,Electricity trade,-65.438414
2022,3,Renewables,5515.341755
2022,3,Non-renewables,1674.224202
2022,3,Others,228.501729
2022,3,Other renewables aggregated,181.50162
2022,3,Low carbon,5515.341755
2022,3,Fossil fuels,1674.224202
2022,4,Hydro,5190.86877
2022,4,Wind,3.774289
2022,4,Solar,32.339429
2022,4,Total combustible fuels,1741.720397
2022,4,Coal,203.219221
2022,4,Oil,231.647871
2022,4,Natural gas,1125.352554
2022,4,Combustible renewables,181.500751
2022,4,Net electricity production,6968.702885
2022,4,Total imports,32.881494
2022,4,Total exports,3.69307
2022,4,Electricity supplied,6997.891309
2022,4,Distribution losses,378.238555
2022,4,Final consumption,6619.652754
2022,4,Electricity trade,-29.188424
2022,4,Renewables,5408.483239
2022,4,Non-renewables,1560.219646
2022,4,Others,231.647871
2022,4,Other renewables aggregated,181.500751
2022,4,Low carbon,5408.483239
2022,4,Fossil fuels,1560.219646
2022,5,Hydro,5494.98485
2022,5,Wind,3.409729
2022,5,Solar,30.896288
2022,5,Total combustible fuels,1773.147913
2022,5,Coal,177.546829
2022,5,Oil,234.264923
2022,5,Natural gas,1179.836601
2022,5,Combustible renewables,181.49956
2022,5,Net electricity production,7302.43878
2022,5,Total imports,13.164886
2022,5,Total exports,1.674588
2022,5,Electricity supplied,7313.929078
2022,5,Distribution losses,396.427904
2022,5,Final consumption,6917.501174
2022,5,Electricity trade,-11.490298
2022,5,Renewables,5710.790427
2022,5,Non-renewables,1591.648353
2022,5,Others,234.264923
2022,5,Other renewables aggregated,181.49956
2022,5,Low carbon,5710.790427
2022,5,Fossil fuels,1591.648353
2022,6,Hydro,5181.733312
2022,6,Wind,4.017988
2022,6,Solar,29.693321
2022,6,Total combustible fuels,1722.370013
2022,6,Coal,172.281668
2022,6,Oil,229.3149
2022,6,Natural gas,1139.273009
2022,6,Combustible renewables,181.500436
2022,6,Net electricity production,6937.814634
2022,6,Total imports,1.433706
2022,6,Total exports,0.936999
2022,6,Electricity supplied,6938.311341
2022,6,Distribution losses,374.442508
2022,6,Final consumption,6563.868832
2022,6,Electricity trade,-0.496707
2022,6,Renewables,5396.945057
2022,6,Non-renewables,1540.869577
2022,6,Others,229.3149
2022,6,Other renewables aggregated,181.500436
2022,6,Low carbon,5396.945057
2022,6,Fossil fuels,1540.869577
2022,7,Hydro,5418.836677
2022,7,Wind,8.383434
2022,7,Solar,39.787804
2022,7,Total combustible fuels,1821.485749
2022,7,Coal,133.455364
2022,7,Oil,233.073944
2022,7,Natural gas,1273.455016
2022,7,Combustible renewables,181.501426
2022,7,Net electricity production,7288.493665
2022,7,Total imports,3.135117
2022,7,Total exports,5.899488
2022,7,Electricity supplied,7285.729294
2022,7,Distribution losses,395.965495
2022,7,Final consumption,6889.763798
2022,7,Electricity trade,2.764371
2022,7,Renewables,5648.509341
2022,7,Non-renewables,1639.984324
2022,7,Others,233.073944
2022,7,Other renewables aggregated,181.501426
2022,7,Low carbon,5648.509341
2022,7,Fossil fuels,1639.984324
2022,8,Hydro,5563.837944
2022,8,Wind,8.700083
2022,8,Solar,46.430205
2022,8,Total combustible fuels,1700.932994
2022,8,Coal,132.802232
2022,8,Oil,226.337516
2022,8,Natural gas,1160.291509
2022,8,Combustible renewables,181.501737
2022,8,Net electricity production,7319.901227
2022,8,Total imports,12.08215
2022,8,Total exports,3.621014
2022,8,Electricity supplied,7328.362363
2022,8,Distribution losses,399.546847
2022,8,Final consumption,6928.815516
2022,8,Electricity trade,-8.461136
2022,8,Renewables,5800.469969
2022,8,Non-renewables,1519.431257
2022,8,Others,226.337516
2022,8,Other renewables aggregated,181.501737
2022,8,Low carbon,5800.469969
2022,8,Fossil fuels,1519.431257
2022,9,Hydro,5372.064919
2022,9,Wind,4.177406
2022,9,Solar,49.214903
2022,9,Total combustible fuels,1700.496309
2022,9,Coal,187.369216
2022,9,Oil,228.435797
2022,9,Natural gas,1103.189485
2022,9,Combustible renewables,181.50181
2022,9,Net electricity production,7125.953537
2022,9,Total imports,26.063846
2022,9,Total exports,3.632774
2022,9,Electricity supplied,7148.384609
2022,9,Distribution losses,388.653845
2022,9,Final consumption,6759.730764
2022,9,Electricity trade,-22.431072
2022,9,Renewables,5606.959038
2022,9,Non-renewables,1518.994498
2022,9,Others,228.435797
2022,9,Other renewables aggregated,181.50181
2022,9,Low carbon,5606.959038
2022,9,Fossil fuels,1518.994498
2022,10,Hydro,5713.186589
2022,10,Wind,4.807161
2022,10,Solar,51.926352
2022,10,Total combustible fuels,1556.799344
2022,10,Coal,176.655302
2022,10,Oil,225.185934
2022,10,Natural gas,973.456553
2022,10,Combustible renewables,181.501555
2022,10,Net electricity production,7326.719446
2022,10,Total imports,0.379661
2022,10,Total exports,7.911705
2022,10,Electricity supplied,7319.187402
2022,10,Distribution losses,399.85462
2022,10,Final consumption,6919.332782
2022,10,Electricity trade,7.532044
2022,10,Renewables,5951.421657
2022,10,Non-renewables,1375.297789
2022,10,Others,225.185934
2022,10,Other renewables aggregated,181.501555
2022,10,Low carbon,5951.421657
2022,10,Fossil fuels,1375.297789
2022,11,Hydro,5528.747085
2022,11,Wind,6.548488
2022,11,Solar,47.831906
2022,11,Total combustible fuels,1565.634328
2022,11,Coal,138.291006
2022,11,Oil,224.658965
2022,11,Natural gas,1021.184057
2022,11,Combustible renewables,181.500299
2022,11,Net electricity production,7148.761807
2022,11,Electricity supplied,7148.761807
2022,11,Distribution losses,388.080112
2022,11,Final consumption,6760.681695
2022,11,Renewables,5764.627778
2022,11,Non-renewables,1384.134028
2022,11,Others,224.658965
2022,11,Other renewables aggregated,181.500299
2022,11,Low carbon,5764.627778
2022,11,Fossil fuels,1384.134028
2022,12,Hydro,5013.084172
2022,12,Wind,12.274103
2022,12,Solar,42.939776
2022,12,Total combustible fuels,1719.670551
2022,12,Coal,85.444518
2022,12,Oil,224.526296
2022,12,Natural gas,1228.199887
2022,12,Combustible renewables,181.499851
2022,12,Net electricity production,6787.968603
2022,12,Electricity supplied,6787.968603
2022,12,Distribution losses,441.463937
2022,12,Final consumption,6346.504666
2022,12,Renewables,5249.797902
2022,12,Non-renewables,1538.170701
2022,12,Others,224.526296
2022,12,Other renewables aggregated,181.499851
2022,12,Low carbon,5249.797902
2022,12,Fossil fuels,1538.170701
2023,1,Hydro,5258.845254
2023,1,Wind,21.940092
2023,1,Solar,76.386812
2023,1,Total combustible fuels,1792.062543
2023,1,Coal,454.379265
2023,1,Oil,257.952942
2023,1,Natural gas,850.114088
2023,1,Combustible renewables,229.616248
2023,1,Not specified,2.47025
2023,1,Net electricity production,7151.704951
2023,1,Total imports,0.0
2023,1,Total exports,291.186504
2023,1,Electricity supplied,6860.518447
2023,1,Distribution losses,657.994952
2023,1,Final consumption,6202.523495
2023,1,Electricity trade,291.186504
2023,1,Renewables,5586.788406
2023,1,Non-renewables,1564.916545
2023,1,Others,260.423192
2023,1,Other renewables aggregated,229.616248
2023,1,Low carbon,5589.258656
2023,1,Fossil fuels,1564.916545
2023,2,Hydro,4523.346323
2023,2,Wind,23.254809
2023,2,Solar,82.01822
2023,2,Total combustible fuels,2088.715591
2023,2,Coal,681.326882
2023,2,Oil,261.938152
2023,2,Natural gas,915.840682
2023,2,Combustible renewables,229.609875
2023,2,Not specified,2.47025
2023,2,Net electricity production,6719.805192
2023,2,Total imports,0.016595
2023,2,Total exports,195.779393
2023,2,Electricity supplied,6524.042394
2023,2,Distribution losses,582.266813
2023,2,Final consumption,5941.775581
2023,2,Electricity trade,195.762798
2023,2,Renewables,4858.229227
2023,2,Non-renewables,1861.575966
2023,2,Others,264.408402
2023,2,Other renewables aggregated,229.609875
2023,2,Low carbon,4860.699477
2023,2,Fossil fuels,1861.575966
2023,3,Hydro,5281.189112
2023,3,Wind,27.174836
2023,3,Solar,81.729841
2023,3,Total combustible fuels,1687.703028
2023,3,Coal,334.820997
2023,3,Oil,260.597736
2023,3,Natural gas,862.670615
2023,3,Combustible renewables,229.61368
2023,3,Not specified,2.47025
2023,3,Net electricity production,7080.267067
2023,3,Total imports,8.282589
2023,3,Total exports,17.171741
2023,3,Electricity supplied,7071.377915
2023,3,Distribution losses,589.397943
2023,3,Final consumption,6481.979971
2023,3,Electricity trade,8.889152
2023,3,Renewables,5619.707469
2023,3,Non-renewables,1460.559598
2023,3,Others,263.067986
2023,3,Other renewables aggregated,229.61368
2023,3,Low carbon,5622.177719
2023,3,Fossil fuels,1460.559598
2023,4,Hydro,5186.276104
2023,4,Wind,20.721868
2023,4,Solar,85.908871
2023,4,Total combustible fuels,1500.73593
2023,4,Coal,257.319856
2023,4,Oil,261.776313
2023,4,Natural gas,752.012028
2023,4,Combustible renewables,229.627733
2023,4,Not specified,2.47025
2023,4,Net electricity production,6796.113023
2023,4,Total imports,10.963739
2023,4,Total exports,0.657084
2023,4,Electricity supplied,6806.419678
2023,4,Distribution losses,579.068412
2023,4,Final consumption,6227.351266
2023,4,Electricity trade,-10.306655
2023,4,Renewables,5522.534576
2023,4,Non-renewables,1273.578447
2023,4,Others,264.246563
2023,4,Other renewables aggregated,229.627733
2023,4,Low carbon,5525.004826
2023,4,Fossil fuels,1273.578447
2023,5,Hydro,4822.552676
2023,5,Wind,20.442171
2023,5,Solar,85.37825
2023,5,Total combustible fuels,2341.113349
2023,5,Coal,814.0955
2023,5,Oil,262.636635
2023,5,Natural gas,1034.701873
2023,5,Combustible renewables,229.679341
2023,5,Not specified,2.47025
2023,5,Net electricity production,7271.956695
2023,5,Total imports,5.328685
2023,5,Total exports,1.610482
2023,5,Electricity supplied,7275.674898
2023,5,Distribution losses,559.872564
2023,5,Final consumption,6715.802335
2023,5,Electricity trade,-3.718203
2023,5,Renewables,5158.052438
2023,5,Non-renewables,2113.904258
2023,5,Others,265.106885
2023,5,Other renewables aggregated,229.679341
2023,5,Low carbon,5160.522688
2023,5,Fossil fuels,2113.904258
2023,6,Hydro,4719.476533
2023,6,Wind,19.068636
2023,6,Solar,90.084496
2023,6,Total combustible fuels,2126.086211
2023,6,Coal,639.686849
2023,6,Oil,260.209102
2023,6,Natural gas,996.572725
2023,6,Combustible renewables,229.617536
2023,6,Not specified,2.47025
2023,6,Net electricity production,6957.186126
2023,6,Total imports,56.881116
2023,6,Total exports,0.127057
2023,6,Electricity supplied,7013.940185
2023,6,Distribution losses,596.12459
2023,6,Final consumption,6417.815595
2023,6,Electricity trade,-56.754059
2023,6,Renewables,5058.247201
2023,6,Non-renewables,1898.938926
2023,6,Others,262.679352
2023,6,Other renewables aggregated,229.617536
2023,6,Low carbon,5060.717451
2023,6,Fossil fuels,1898.938926
2023,7,Hydro,4598.591278
2023,7,Wind,27.471757
2023,7,Solar,112.547983
2023,7,Total combustible fuels,2422.256347
2023,7,Coal,908.334427
2023,7,Oil,258.422064
2023,7,Natural gas,1025.797922
2023,7,Combustible renewables,229.701934
2023,7,Not specified,2.47025
2023,7,Net electricity production,7163.337615
2023,7,Total imports,73.962493
2023,7,Total exports,0.126525
2023,7,Electricity supplied,7237.173583
2023,7,Distribution losses,609.576005
2023,7,Final consumption,6627.597578
2023,7,Electricity trade,-73.835968
2023,7,Renewables,4968.312952
2023,7,Non-renewables,2195.024663
2023,7,Others,260.892314
2023,7,Other renewables aggregated,229.701934
2023,7,Low carbon,4970.783202
2023,7,Fossil fuels,2195.024663
2023,8,Hydro,4872.372689
2023,8,Wind,17.344469
2023,8,Solar,122.054905
2023,8,Total combustible fuels,2468.344964
2023,8,Coal,883.998995
2023,8,Oil,271.187544
2023,8,Natural gas,1083.548141
2023,8,Combustible renewables,229.610284
2023,8,Not specified,2.47025
2023,8,Net electricity production,7482.587277
2023,8,Total imports,17.969687
2023,8,Total exports,19.483951
2023,8,Electricity supplied,7481.073013
2023,8,Distribution losses,574.348023
2023,8,Final consumption,6906.72499
2023,8,Electricity trade,1.514264
2023,8,Renewables,5241.382347
2023,8,Non-renewables,2241.20493
2023,8,Others,273.657794
2023,8,Other renewables aggregated,229.610284
2023,8,Low carbon,5243.852597
2023,8,Fossil fuels,2241.20493
2023,9,Hydro,4217.979119
2023,9,Wind,18.971817
2023,9,Solar,124.49598
2023,9,Total combustible fuels,3276.076118
2023,9,Coal,1048.456653
2023,9,Oil,273.73096
2023,9,Natural gas,1724.234829
2023,9,Combustible renewables,229.653677
2023,9,Not specified,2.47025
2023,9,Net electricity production,7639.993285
2023,9,Total imports,0.019981
2023,9,Total exports,233.472036
2023,9,Electricity supplied,7406.54123
2023,9,Distribution losses,545.643463
2023,9,Final consumption,6860.897766
2023,9,Electricity trade,233.452055
2023,9,Renewables,4591.100593
2023,9,Non-renewables,3048.892692
2023,9,Others,276.20121
2023,9,Other renewables aggregated,229.653677
2023,9,Low carbon,4593.570843
2023,9,Fossil fuels,3048.892692
2023,10,Hydro,3978.620259
2023,10,Wind,0.997544
2023,10,Solar,113.301455
2023,10,Total combustible fuels,3448.295323
2023,10,Coal,1030.487067
2023,10,Oil,380.04704
2023,10,Natural gas,1808.132153
2023,10,Combustible renewables,229.629063
2023,10,Not specified,2.47025
2023,10,Net electricity production,7543.684831
2023,10,Total imports,0.019135
2023,10,Total exports,184.420402
2023,10,Electricity supplied,7359.283564
2023,10,Distribution losses,524.473064
2023,10,Final consumption,6834.810501
2023,10,Electricity trade,184.401267
2023,10,Renewables,4322.548321
2023,10,Non-renewables,3221.13651
2023,10,Others,382.51729
2023,10,Other renewables aggregated,229.629063
2023,10,Low carbon,4325.018571
2023,10,Fossil fuels,3221.13651
2023,11,Hydro,4731.553101
2023,11,Solar,110.572165
2023,11,Total combustible fuels,2451.293397
2023,11,Coal,698.239282
2023,11,Oil,397.939324
2023,11,Natural gas,1125.471707
2023,11,Combustible renewables,229.643083
2023,11,Not specified,2.47025
2023,11,Net electricity production,7295.888914
2023,11,Total imports,0.015204
2023,11,Total exports,172.1996
2023,11,Electricity supplied,7123.704518
2023,11,Distribution losses,616.43959
2023,11,Final consumption,6507.264927
2023,11,Electricity trade,172.184396
2023,11,Renewables,5071.768349
2023,11,Non-renewables,2224.120563
2023,11,Others,400.409574
2023,11,Other renewables aggregated,229.643083
2023,11,Low carbon,5074.238599
2023,11,Fossil fuels,2224.120563
2023,12,Hydro,3997.255553
2023,12,Solar,120.892022
2023,12,Total combustible fuels,3302.267132
2023,12,Coal,1020.122144
2023,12,Oil,348.802482
2023,12,Natural gas,1703.660088
2023,12,Combustible renewables,229.682418
2023,12,Not specified,2.47025
2023,12,Net electricity production,7422.884957
2023,12,Total imports,0.059776
2023,12,Total exports,128.158225
2023,12,Electricity supplied,7294.786508
2023,12,Distribution losses,517.348581
2023,12,Final consumption,6777.437927
2023,12,Electricity trade,128.098449
2023,12,Renewables,4347.829993
2023,12,Non-renewables,3075.054964
2023,12,Others,351.272732
2023,12,Other renewables aggregated,229.682418
2023,12,Low carbon,4350.300243
2023,12,Fossil fuels,3075.054964
2024,1,Hydro,4256.963143
2024,1,Solar,223.502621
2024,1,Total combustible fuels,2917.759493
2024,1,Coal,1011.056148
2024,1,Oil,286.930174
2024,1,Natural gas,1390.19579
2024,1,Combustible renewables,229.577381
2024,1,Not specified,2.47025
2024,1,Net electricity production,7400.695507
2024,1,Total imports,0.200259
2024,1,Total exports,43.761229
2024,1,Electricity supplied,7357.134537
2024,1,Distribution losses,493.477334
2024,1,Final consumption,6863.657203
2024,1,Electricity trade,43.56097
2024,1,Renewables,4710.043145
2024,1,Non-renewables,2690.652362
2024,1,Others,289.400424
2024,1,Other renewables aggregated,229.577381
2024,1,Low carbon,4712.513395
2024,1,Fossil fuels,2690.652362
2024,2,Hydro,3911.508301
2024,2,Solar,205.07785
2024,2,Total combustible fuels,2943.403504
2024,2,Coal,1030.78297
2024,2,Oil,285.837675
2024,2,Natural gas,1397.249009
2024,2,Combustible renewables,229.53385
2024,2,Not specified,2.47025
2024,2,Net electricity production,7062.459905
2024,2,Total imports,2.004265
2024,2,Total exports,9.704045
2024,2,Electricity supplied,7054.760125
2024,2,Distribution losses,461.273809
2024,2,Final consumption,6593.486315
2024,2,Electricity trade,7.69978
2024,2,Renewables,4346.120001
2024,2,Non-renewables,2716.339904
2024,2,Others,288.307925
2024,2,Other renewables aggregated,229.53385
2024,2,Low carbon,4348.590251
2024,2,Fossil fuels,2716.339904
2024,3,Hydro,3727.785513
2024,3,Solar,251.201165
2024,3,Total combustible fuels,3561.127224
2024,3,Coal,1183.120833
2024,3,Oil,291.27529
2024,3,Natural gas,1857.163465
2024,3,Combustible renewables,229.567636
2024,3,Not specified,2.47025
2024,3,Net electricity production,7542.584152
2024,3,Total imports,0.011719
2024,3,Total exports,124.182339
2024,3,Electricity supplied,7418.413532
2024,3,Distribution losses,596.026951
2024,3,Final consumption,6822.38658
2024,3,Electricity trade,124.17062
2024,3,Renewables,4208.554314
2024,3,Non-renewables,3334.029838
2024,3,Others,293.74554
2024,3,Other renewables aggregated,229.567636
2024,3,Low carbon,4211.024564
2024,3,Fossil fuels,3334.029838
2024,4,Hydro,3105.851954
2024,4,Solar,236.185684
2024,4,Total combustible fuels,3661.859288
2024,4,Coal,1106.704658
2024,4,Oil,326.232395
2024,4,Natural gas,1999.294977
2024,4,Combustible renewables,229.627258
2024,4,Not specified,2.47025
2024,4,Net electricity production,7006.367176
2024,4,Total imports,0.09885
2024,4,Total exports,35.876038
2024,4,Electricity supplied,6970.589988
2024,4,Distribution losses,511.565017
2024,4,Final consumption,6459.024971
2024,4,Electricity trade,35.777188
2024,4,Renewables,3571.664896
2024,4,Non-renewables,3434.70228
2024,4,Others,328.702645
2024,4,Other renewables aggregated,229.627258
2024,4,Low carbon,3574.135146
2024,4,Fossil fuels,3434.70228
2024,5,Hydro,5234.90213
2024,5,Solar,337.704665
2024,5,Total combustible fuels,2017.876385
2024,5,Coal,600.632033
2024,5,Oil,285.009945
2024,5,Natural gas,902.43408
2024,5,Combustible renewables,229.800326
2024,5,Not specified,2.47025
2024,5,Net electricity production,7592.95343
2024,5,Total imports,0.098131
2024,5,Total exports,44.81795
2024,5,Electricity supplied,7548.233611
2024,5,Distribution losses,506.841626
2024,5,Final consumption,7041.391986
2024,5,Electricity trade,44.719819
2024,5,Renewables,5802.407121
2024,5,Non-renewables,1790.546308
2024,5,Others,287.480195
2024,5,Other renewables aggregated,229.800326
2024,5,Low carbon,5804.877371
2024,5,Fossil fuels,1790.546308
2024,6,Hydro,4794.053835
2024,6,Solar,332.555696
2024,6,Total combustible fuels,2054.97191
2024,6,Coal,673.834694
2024,6,Oil,285.460085
2024,6,Natural gas,866.037108
2024,6,Combustible renewables,229.640023
2024,6,Not specified,2.47025
2024,6,Net electricity production,7184.051691
2024,6,Total imports,16.333667
2024,6,Total exports,15.930029
2024,6,Electricity supplied,7184.455329
2024,6,Distribution losses,439.465188
2024,6,Final consumption,6744.990141
2024,6,Electricity trade,-0.403638
2024,6,Renewables,5356.249554
2024,6,Non-renewables,1827.802137
2024,6,Others,287.930335
2024,6,Other renewables aggregated,229.640023
2024,6,Low carbon,5358.719804
2024,6,Fossil fuels,1827.802137
2024,7,Hydro,5142.458013
2024,7,Solar,371.405355
2024,7,Total combustible fuels,2057.859299
2024,7,Coal,579.332836
2024,7,Oil,286.255298
2024,7,Natural gas,962.727218
2024,7,Combustible renewables,229.543947
2024,7,Not specified,2.47025
2024,7,Net electricity production,7574.192917
2024,7,Total imports,0.276509
2024,7,Total exports,48.865858
2024,7,Electricity supplied,7525.603568
2024,7,Distribution losses,506.614637
2024,7,Final consumption,7018.988931
2024,7,Electricity trade,48.589349
2024,7,Renewables,5743.407315
2024,7,Non-renewables,1830.785602
2024,7,Others,288.725548
2024,7,Other renewables aggregated,229.543947
2024,7,Low carbon,5745.877565
2024,7,Fossil fuels,1830.785602
2024,8,Hydro,4924.872753
2024,8,Solar,371.724878
2024,8,Total combustible fuels,2506.152626
2024,8,Coal,864.025093
2024,8,Oil,286.966298
2024,8,Natural gas,1125.580174
2024,8,Combustible renewables,229.581061
2024,8,Not specified,2.47025
2024,8,Net electricity production,7805.220507
2024,8,Total imports,0.000626
2024,8,Total exports,272.153252
2024,8,Electricity supplied,7533.067881
2024,8,Distribution losses,581.518246
2024,8,Final consumption,6951.549635
2024,8,Electricity trade,272.152626
2024,8,Renewables,5526.178692
2024,8,Non-renewables,2279.041815
2024,8,Others,289.436548
2024,8,Other renewables aggregated,229.581061
2024,8,Low carbon,5528.648942
2024,8,Fossil fuels,2279.041815
2024,9,Hydro,4178.634458
2024,9,Solar,349.488242
2024,9,Total combustible fuels,3012.367851
2024,9,Coal,884.144961
2024,9,Oil,293.024279
2024,9,Natural gas,1605.573843
2024,9,Combustible renewables,229.624769
2024,9,Not specified,2.47025
2024,9,Net electricity production,7542.960801
2024,9,Total imports,0.003997
2024,9,Total exports,236.071716
2024,9,Electricity supplied,7306.893082
2024,9,Distribution losses,602.699861
2024,9,Final consumption,6704.193221
2024,9,Electricity trade,236.067719
2024,9,Renewables,4757.747469
2024,9,Non-renewables,2785.213333
2024,9,Others,295.494529
2024,9,Other renewables aggregated,229.624769
2024,9,Low carbon,4760.217719
2024,9,Fossil fuels,2785.213333
2024,10,Hydro,3569.160429
2024,10,Solar,471.89783
2024,10,Total combustible fuels,3408.763937
2024,10,Coal,940.363991
2024,10,Oil,308.073672
2024,10,Natural gas,1930.586935
2024,10,Combustible renewables,229.739339
2024,10,Not specified,2.47025
2024,10,Net electricity production,7452.292446
2024,10,Total imports,0.107939
2024,10,Total exports,5.321011
2024,10,Electricity supplied,7447.079374
2024,10,Distribution losses,506.160622
2024,10,Final consumption,6940.918753
2024,10,Electricity trade,5.213072
2024,10,Renewables,4270.797598
2024,10,Non-renewables,3181.494848
2024,10,Others,310.543922
2024,10,Other renewables aggregated,229.739339
2024,10,Low carbon,4273.267848
2024,10,Fossil fuels,3181.494848
2024,11,Hydro,4225.832441
2024,11,Solar,420.691252
2024,11,Total combustible fuels,2675.997492
2024,11,Coal,887.195032
2024,11,Oil,302.364738
2024,11,Natural gas,1256.700776
2024,11,Combustible renewables,229.736947
2024,11,Not specified,2.47025
2024,11,Net electricity production,7324.991435
2024,11,Total imports,0.062776
2024,11,Total exports,135.154072
2024,11,Electricity supplied,7189.900139
2024,11,Distribution losses,528.078718
2024,11,Final consumption,6661.821422
2024,11,Electricity trade,135.091296
2024,11,Renewables,4876.26064
2024,11,Non-renewables,2448.730796
2024,11,Others,304.834988
2024,11,Other renewables aggregated,229.736947
2024,11,Low carbon,4878.73089
2024,11,Fossil fuels,2448.730796
2024,12,Hydro,3990.324723
2024,12,Solar,450.634983
2024,12,Total combustible fuels,3108.420985
2024,12,Coal,1066.853349
2024,12,Oil,291.278032
2024,12,Natural gas,1520.568224
2024,12,Combustible renewables,229.721379
2024,12,Not specified,2.47025
2024,12,Net electricity production,7551.850941
2024,12,Total imports,0.002625
2024,12,Total exports,243.418078
2024,12,Electricity supplied,7308.435488
2024,12,Distribution losses,499.946742
2024,12,Final consumption,6808.488746
2024,12,Electricity trade,243.415453
2024,12,Renewables,4670.681085
2024,12,Non-renewables,2881.169855
2024,12,Others,293.748282
2024,12,Other renewables aggregated,229.721379
2024,12,Low carbon,4673.151335
2024,12,Fossil fuels,2881.169855
2025,1,Hydro,4764.682408
2025,1,Solar,382.170901
2025,1,Total combustible fuels,2431.95474
2025,1,Coal,939.959485
2025,1,Oil,278.178927
2025,1,Natural gas,984.100057
2025,1,Combustible renewables,229.716271
2025,1,Not specified,2.47025
2025,1,Net electricity production,7581.278299
2025,1,Total imports,0.014301
2025,1,Total exports,207.995662
2025,1,Electricity supplied,7373.296938
2025,1,Distribution losses,519.471983
2025,1,Final consumption,6853.824955
2025,1,Electricity trade,207.981361
2025,1,Renewables,5376.56958
2025,1,Non-renewables,2204.708719
2025,1,Others,280.649177
2025,1,Other renewables aggregated,229.716271
2025,1,Low carbon,5379.03983
2025,1,Fossil fuels,2204.708719
2025,2,Hydro,4559.216116
2025,2,Solar,341.442208
2025,2,Total combustible fuels,2023.863369
2025,2,Coal,721.532474
2025,2,Oil,271.680929
2025,2,Natural gas,800.8571
2025,2,Combustible renewables,229.792866
2025,2,Not specified,2.47025
2025,2,Net electricity production,6926.991942
2025,2,Total imports,13.159956
2025,2,Total exports,58.587131
2025,2,Electricity supplied,6881.564767
2025,2,Distribution losses,546.686588
2025,2,Final consumption,6334.878179
2025,2,Electricity trade,45.427175
2025,2,Renewables,5130.45119
2025,2,Non-renewables,1796.540753
2025,2,Others,274.151179
2025,2,Other renewables aggregated,229.792866
2025,2,Low carbon,5132.92144
2025,2,Fossil fuels,1796.540753
